DATE,UNITS SOLD,CUMMULATIVE PERIOD SALES,PRIOR PERIOD SALES,%GROWTH
3/12/2010,1,0,0,0
3/15/2010,1,0,0,0
3/17/2010,1,0,0,0
3/18/2010,1,0,0,0
3/19/2010,1,0,0,0
3/21/2010,1,0,0,0
3/23/2010,1,7,0,0
3/24/2010,1,7,7,0
3/25/2010,1,7,7,0
3/29/2010,2,8,7,0
4/1/2010,3,10,8,14.286
4/2/2010,2,11,10,25
4/3/2010,1,11,11,10
4/4/2010,1,11,11,0
4/5/2010,1,11,11,0
4/6/2010,2,12,11,0
4/7/2010,2,12,12,9.091
4/8/2010,1,10,12,0
4/9/2010,2,10,10,-16.667
4/10/2010,2,11,10,0
4/11/2010,5,15,11,10
4/12/2010,2,16,15,36.364
4/13/2010,4,18,16,6.667
4/14/2010,2,18,18,12.5
4/16/2010,4,21,18,0
4/17/2010,1,20,21,16.667
4/18/2010,2,20,20,-4.762
4/19/2010,2,17,20,0
4/20/2010,1,16,17,-15
4/21/2010,1,13,16,-5.882
4/22/2010,2,13,13,-18.75
4/23/2010,1,10,13,0
4/24/2010,2,11,10,-23.077
4/25/2010,2,11,11,10
4/26/2010,2,11,11,0
4/27/2010,3,13,11,0
4/28/2010,1,13,13,18.182
4/30/2010,3,14,13,0
5/1/2010,3,16,14,7.692
5/2/2010,3,17,16,14.286
5/4/2010,1,16,17,6.25
5/5/2010,1,15,16,-5.882
5/6/2010,2,14,15,-6.25
5/7/2010,4,17,14,-6.667
5/8/2010,4,18,17,21.429
5/9/2010,1,16,18,5.882
5/10/2010,6,19,16,-11.111
5/11/2010,2,20,19,18.75
5/12/2010,2,21,20,5.263
5/14/2010,1,20,21,5
5/15/2010,1,17,20,-4.762
5/16/2010,5,18,17,-15
5/17/2010,3,20,18,5.882
5/18/2010,1,15,20,11.111
5/19/2010,2,15,15,-25
5/20/2010,3,16,15,0
5/21/2010,3,18,16,6.667
5/22/2010,2,19,18,12.5
5/23/2010,1,15,19,5.556
5/24/2010,1,13,15,-21.053
5/25/2010,4,16,13,-13.333
5/26/2010,2,16,16,23.077
5/27/2010,2,15,16,0
5/28/2010,1,13,15,-6.25
5/29/2010,3,14,13,-13.333
5/30/2010,9,22,14,7.692
5/31/2010,1,22,22,57.143
6/1/2010,9,27,22,0
6/2/2010,3,28,27,22.727
6/4/2010,4,30,28,3.704
6/5/2010,4,33,30,7.143
6/6/2010,2,32,33,10
6/7/2010,2,25,32,-3.03
6/8/2010,1,25,25,-21.875
6/9/2010,2,18,25,0
6/10/2010,2,17,18,-28
6/11/2010,1,14,17,-5.556
6/12/2010,5,15,14,-17.647
6/13/2010,2,15,15,7.143
6/14/2010,7,20,15,0
6/15/2010,7,26,20,33.333
6/16/2010,4,28,26,30
6/17/2010,4,30,28,7.692
6/18/2010,3,32,30,7.143
6/19/2010,1,28,32,6.667
6/20/2010,1,27,28,-12.5
6/21/2010,8,28,27,-3.571
6/22/2010,5,26,28,3.704
6/24/2010,2,24,26,-7.143
6/25/2010,4,24,24,-7.692
6/26/2010,4,25,24,0
6/27/2010,5,29,25,4.167
6/28/2010,1,29,29,16
6/29/2010,3,24,29,0
6/30/2010,6,25,24,-17.241
7/1/2010,1,24,25,4.167
7/2/2010,5,25,24,-4
7/3/2010,2,23,25,4.167
7/4/2010,6,24,23,-8
7/5/2010,5,28,24,4.348
7/6/2010,5,30,28,16.667
7/7/2010,6,30,30,7.143
7/8/2010,7,36,30,0
7/9/2010,3,34,36,20
7/10/2010,3,35,34,-5.556
7/11/2010,5,34,35,2.941
7/12/2010,4,33,34,-2.857
7/13/2010,2,30,33,-2.941
7/14/2010,2,26,30,-9.091
7/15/2010,3,22,26,-13.333
7/16/2010,3,22,22,-15.385
7/17/2010,2,21,22,0
7/18/2010,2,18,21,-4.545
7/19/2010,4,18,18,-14.286
7/20/2010,2,18,18,0
7/21/2010,3,19,18,0
7/22/2010,3,19,19,5.556
7/23/2010,3,19,19,0
7/24/2010,6,23,19,0
7/25/2010,6,27,23,21.053
7/26/2010,3,26,27,17.391
7/27/2010,3,27,26,-3.704
7/28/2010,3,27,27,3.846
7/29/2010,3,27,27,0
7/30/2010,3,27,27,0
7/31/2010,3,24,27,0
8/1/2010,2,20,24,-11.111
8/2/2010,3,20,20,-16.667
8/3/2010,3,20,20,0
8/4/2010,1,18,20,0
8/5/2010,4,19,18,-10
8/6/2010,3,19,19,5.556
8/7/2010,4,20,19,0
8/8/2010,3,21,20,5.263
8/9/2010,5,23,21,5
8/11/2010,6,26,23,9.524
8/12/2010,4,29,26,13.043
8/13/2010,4,29,29,11.538
8/14/2010,5,31,29,0
8/15/2010,6,33,31,6.897
8/16/2010,2,32,33,6.452
8/17/2010,3,30,32,-3.03
8/18/2010,1,25,30,-6.25
8/19/2010,2,23,25,-16.667
8/20/2010,2,21,23,-8
8/21/2010,2,18,21,-8.696
8/22/2010,2,14,18,-14.286
8/23/2010,1,13,14,-22.222
8/24/2010,2,12,13,-7.143
8/25/2010,1,12,12,-7.692
8/26/2010,5,15,12,0
8/27/2010,5,18,15,25
8/28/2010,7,23,18,20
8/29/2010,3,24,23,27.778
8/30/2010,2,25,24,4.348
8/31/2010,4,27,25,4.167
9/1/2010,6,32,27,8
9/2/2010,3,30,32,18.519
9/3/2010,3,28,30,-6.25
9/4/2010,2,23,28,-6.667
9/5/2010,1,21,23,-17.857
9/6/2010,4,23,21,-8.696
9/7/2010,6,25,23,9.524
9/8/2010,2,21,25,8.696
9/9/2010,1,19,21,-16
9/10/2010,4,20,19,-9.524
9/11/2010,3,21,20,5.263
9/12/2010,5,25,21,5
9/13/2010,2,23,25,19.048
9/14/2010,3,20,23,-8
9/15/2010,3,21,20,-13.043
9/16/2010,2,22,21,5
9/17/2010,2,20,22,4.762
9/18/2010,4,21,20,-9.091
9/19/2010,5,21,21,5
9/20/2010,4,23,21,0
9/21/2010,2,22,23,9.524
9/22/2010,2,21,22,-4.348
9/23/2010,3,22,21,-4.545
9/24/2010,4,24,22,4.762
9/25/2010,1,21,24,9.091
9/26/2010,4,20,21,-12.5
9/27/2010,3,19,20,-4.762
9/28/2010,3,20,19,-5
9/29/2010,1,19,20,5.263
9/30/2010,1,17,19,-5
10/1/2010,1,14,17,-10.526
10/2/2010,2,15,14,-17.647
10/3/2010,3,14,15,7.143
10/4/2010,2,13,14,-6.667
10/5/2010,2,12,13,-7.143
10/6/2010,1,12,12,-7.692
10/7/2010,2,13,12,0
10/8/2010,3,15,13,8.333
10/9/2010,6,19,15,15.385
10/10/2010,3,19,19,26.667
10/11/2010,3,20,19,0
10/12/2010,4,22,20,5.263
10/13/2010,1,22,22,10
10/14/2010,2,22,22,0
10/15/2010,2,21,22,0
10/16/2010,2,17,21,-4.545
10/17/2010,2,16,17,-19.048
10/18/2010,4,17,16,-5.882
10/19/2010,4,17,17,6.25
10/20/2010,4,20,17,0
10/21/2010,2,20,20,17.647
10/22/2010,6,24,20,0
10/23/2010,7,29,24,20
10/24/2010,1,28,29,20.833
10/25/2010,1,25,28,-3.448
10/26/2010,3,24,25,-10.714
10/27/2010,1,21,24,-4
10/28/2010,2,21,21,-12.5
10/29/2010,3,18,21,0
10/30/2010,6,17,18,-14.286
10/31/2010,1,17,17,-5.556
11/1/2010,2,18,17,0
11/2/2010,2,17,18,5.882
11/3/2010,4,20,17,-5.556
11/5/2010,1,19,20,17.647
11/6/2010,3,19,19,-5
11/7/2010,3,16,19,0
11/8/2010,1,16,16,-15.789
11/9/2010,2,16,16,0
11/10/2010,2,16,16,0
11/11/2010,1,13,16,0
11/12/2010,1,13,13,-18.75
11/14/2010,2,12,13,0
11/16/2010,3,12,12,-7.692
11/17/2010,3,14,12,0
11/18/2010,2,14,14,16.667
11/19/2010,1,13,14,0
11/20/2010,3,15,13,-7.143
11/22/2010,1,15,15,15.385
11/23/2010,3,16,15,0
11/24/2010,6,19,16,6.667
11/25/2010,2,18,19,18.75
11/26/2010,1,17,18,-5.263
11/27/2010,3,19,17,-5.556
11/28/2010,5,21,19,11.765
11/30/2010,4,24,21,10.526
12/1/2010,1,22,24,14.286
12/2/2010,2,18,22,-8.333
12/3/2010,1,17,18,-18.182
12/4/2010,1,17,17,-5.556
12/5/2010,4,18,17,0
12/6/2010,4,17,18,5.882
12/7/2010,7,20,17,-5.556
12/8/2010,2,21,20,17.647
12/9/2010,2,21,21,5
12/10/2010,1,21,21,0
12/11/2010,2,22,21,0
12/14/2010,2,20,22,4.762
12/15/2010,3,19,20,-9.091
12/16/2010,1,13,19,-5
12/17/2010,1,12,13,-31.579
12/18/2010,1,11,12,-7.692
12/20/2010,1,11,11,-8.333
12/21/2010,1,10,11,0
12/23/2010,2,10,10,-9.091
12/24/2010,1,8,10,0
12/25/2010,1,8,8,-20
12/26/2010,1,8,8,0
12/27/2010,2,9,8,0
12/28/2010,2,10,9,12.5
12/29/2010,1,10,10,11.111
12/30/2010,1,9,10,0
12/31/2010,1,9,9,-10
1/1/2011,1,9,9,0
1/2/2011,1,9,9,0
1/3/2011,2,9,9,0
1/4/2011,3,10,9,0
1/5/2011,1,10,10,11.111
1/6/2011,2,11,10,0
1/7/2011,1,11,11,10
1/9/2011,3,13,11,0
1/10/2011,3,15,13,18.182
1/11/2011,4,17,15,15.385
1/12/2011,2,16,17,13.333
1/13/2011,1,16,16,-5.882
1/14/2011,1,15,16,0
1/15/2011,4,18,15,-6.25
1/17/2011,1,16,18,20
1/18/2011,2,15,16,-11.111
1/19/2011,4,15,15,-6.25
1/20/2011,4,17,15,0
1/21/2011,1,17,17,13.333
1/22/2011,2,18,17,0
1/23/2011,4,18,18,5.882
1/24/2011,2,19,18,0
1/25/2011,3,20,19,5.556
1/26/2011,6,22,20,5.263
1/27/2011,4,22,22,10
1/28/2011,2,23,22,0
1/29/2011,2,23,23,4.545
1/30/2011,2,21,23,0
1/31/2011,2,21,21,-8.696
2/1/2011,4,22,21,0
2/2/2011,3,19,22,4.762
2/3/2011,1,16,19,-13.636
2/4/2011,5,19,16,-15.789
2/5/2011,1,18,19,18.75
2/6/2011,2,18,18,-5.263
2/7/2011,1,17,18,0
2/8/2011,3,16,17,-5.556
2/9/2011,4,17,16,-5.882
2/10/2011,2,18,17,6.25
2/11/2011,1,14,18,5.882
2/13/2011,1,14,14,-22.222
2/14/2011,1,13,14,0
2/16/2011,2,14,13,-7.143
2/17/2011,4,15,14,7.692
2/18/2011,2,13,15,7.143
2/19/2011,6,17,13,-13.333
2/20/2011,1,17,17,30.769
2/21/2011,2,18,17,0
2/22/2011,1,18,18,5.882
2/23/2011,3,19,18,0
2/24/2011,3,18,19,5.556
2/25/2011,2,18,18,-5.263
2/27/2011,1,13,18,0
2/28/2011,2,14,13,-27.778
3/1/2011,4,16,14,7.692
3/2/2011,3,18,16,14.286
3/3/2011,2,17,18,12.5
3/4/2011,4,18,17,-5.556
3/5/2011,1,17,18,5.882
3/6/2011,2,18,17,-5.556
3/7/2011,2,18,18,5.882
3/8/2011,1,15,18,0
3/9/2011,4,16,15,-16.667
3/10/2011,4,18,16,6.667
3/11/2011,3,17,18,12.5
3/12/2011,6,22,17,-5.556
3/13/2011,3,23,22,29.412
3/14/2011,4,25,23,4.545
3/15/2011,6,30,25,8.696
3/16/2011,4,30,30,20
3/17/2011,2,28,30,0
3/18/2011,6,31,28,-6.667
3/19/2011,2,27,31,10.714
3/20/2011,1,25,27,-12.903
3/21/2011,5,26,25,-7.407
3/22/2011,1,21,26,4
3/23/2011,1,18,21,-19.231
3/25/2011,2,18,18,-14.286
3/26/2011,5,17,18,0
3/27/2011,3,18,17,-5.556
3/29/2011,5,22,18,5.882
3/30/2011,6,23,22,22.222
3/31/2011,1,23,23,4.545
4/1/2011,6,28,23,0
4/2/2011,4,30,28,21.739
4/3/2011,1,26,30,7.143
4/4/2011,6,29,26,-13.333
4/5/2011,2,26,29,11.538
4/6/2011,3,23,26,-10.345
4/7/2011,4,26,23,-11.538
4/8/2011,6,26,26,13.043
4/9/2011,3,25,26,0
4/10/2011,1,25,25,-3.846
4/11/2011,3,22,25,0
4/12/2011,5,25,22,-12
4/13/2011,1,23,25,13.636
4/14/2011,1,20,23,-8
4/15/2011,2,16,20,-13.043
4/16/2011,1,14,16,-20
4/17/2011,6,19,14,-12.5
4/18/2011,3,19,19,35.714
4/19/2011,4,18,19,0
4/20/2011,1,18,18,-5.263
4/21/2011,5,22,18,0
4/22/2011,2,22,22,22.222
4/23/2011,4,25,22,0
4/24/2011,3,22,25,13.636
4/25/2011,4,23,22,-12
4/26/2011,3,22,23,4.545
4/27/2011,3,24,22,-4.348
4/28/2011,4,23,24,9.091
4/29/2011,10,31,23,-4.167
4/30/2011,7,34,31,34.783
5/1/2011,3,34,34,9.677
5/2/2011,2,32,34,0
5/3/2011,3,32,32,-5.882
5/4/2011,4,33,32,0
5/5/2011,4,33,33,3.125
5/6/2011,5,28,33,0
5/7/2011,7,28,28,-15.152
5/8/2011,6,31,28,0
5/9/2011,3,32,31,10.714
5/10/2011,4,33,32,3.226
5/11/2011,4,33,33,3.125
5/12/2011,4,33,33,0
5/13/2011,5,33,33,0
5/14/2011,5,31,33,0
5/15/2011,2,27,31,-6.061
5/16/2011,6,30,27,-12.903
5/17/2011,3,29,30,11.111
5/18/2011,6,31,29,-3.333
5/19/2011,8,35,31,6.897
5/20/2011,6,36,35,12.903
5/21/2011,1,32,36,2.857
5/22/2011,3,33,32,-11.111
5/23/2011,4,31,33,3.125
5/24/2011,5,33,31,-6.061
5/25/2011,2,29,33,6.452
5/26/2011,4,25,29,-12.121
5/27/2011,2,21,25,-13.793
5/28/2011,2,22,21,-16
5/29/2011,9,28,22,4.762
5/30/2011,2,26,28,27.273
5/31/2011,3,24,26,-7.143
6/1/2011,6,28,24,-7.692
6/2/2011,2,26,28,16.667
6/3/2011,7,31,26,-7.143
6/4/2011,3,32,31,19.231
6/5/2011,11,34,32,3.226
6/6/2011,1,33,34,6.25
6/7/2011,1,31,33,-2.941
6/8/2011,6,31,31,-6.061
6/9/2011,3,32,31,0
6/10/2011,8,33,32,3.226
6/11/2011,6,36,33,3.125
6/12/2011,13,38,36,9.091
6/13/2011,2,39,38,5.556
6/14/2011,5,43,39,2.632
6/15/2011,2,39,43,10.256
6/16/2011,1,37,39,-9.302
6/17/2011,2,31,37,-5.128
6/18/2011,4,29,31,-16.216
6/19/2011,3,19,29,-6.452
6/20/2011,9,26,19,-34.483
6/21/2011,6,27,26,36.842
6/22/2011,6,31,27,3.846
6/23/2011,4,34,31,14.815
6/24/2011,4,36,34,9.677
6/25/2011,4,36,36,5.882
6/26/2011,8,41,36,0
6/27/2011,5,37,41,13.889
6/28/2011,3,34,37,-9.756
6/29/2011,3,31,34,-8.108
6/30/2011,10,37,31,-8.824
7/1/2011,3,36,37,19.355
7/2/2011,3,35,36,-2.703
7/3/2011,10,37,35,-2.778
7/4/2011,4,36,37,5.714
7/5/2011,2,35,36,-2.703
7/6/2011,7,39,35,-2.778
7/7/2011,2,31,39,11.429
7/8/2011,2,30,31,-20.513
7/9/2011,3,30,30,-3.226
7/10/2011,1,21,30,0
7/11/2011,4,21,21,-30
7/12/2011,12,31,21,0
7/13/2011,5,29,31,47.619
7/14/2011,1,28,29,-6.452
7/15/2011,6,32,28,-3.448
7/16/2011,4,33,32,14.286
7/17/2011,7,39,33,3.125
7/18/2011,2,37,39,18.182
7/19/2011,4,29,37,-5.128
7/20/2011,4,28,29,-21.622
7/21/2011,5,32,28,-3.448
7/22/2011,1,27,32,14.286
7/23/2011,6,29,27,-15.625
7/24/2011,6,28,29,7.407
7/25/2011,1,27,28,-3.448
7/26/2011,3,26,27,-3.571
7/27/2011,7,29,26,-3.704
7/28/2011,7,31,29,11.538
7/29/2011,3,33,31,6.897
7/30/2011,4,31,33,6.452
7/31/2011,5,30,31,-6.061
8/1/2011,3,32,30,-3.226
8/2/2011,3,32,32,6.667
8/3/2011,5,30,32,0
8/4/2011,10,33,30,-6.25
8/5/2011,3,33,33,10
8/6/2011,3,32,33,0
8/7/2011,5,32,32,-3.03
8/8/2011,4,33,32,0
8/9/2011,2,32,33,3.125
8/10/2011,4,31,32,-3.03
8/11/2011,5,26,31,-3.125
8/12/2011,3,26,26,-16.129
8/13/2011,10,33,26,0
8/14/2011,2,30,33,26.923
8/15/2011,4,30,30,-9.091
8/16/2011,6,34,30,0
8/17/2011,3,33,34,13.333
8/18/2011,4,32,33,-2.941
8/19/2011,9,38,32,-3.03
8/20/2011,3,31,38,18.75
8/21/2011,4,33,31,-18.421
8/22/2011,4,33,33,6.452
8/23/2011,1,28,33,0
8/24/2011,3,28,28,-15.152
8/25/2011,6,30,28,0
8/26/2011,5,26,30,7.143
8/27/2011,7,30,26,-13.333
8/28/2011,4,30,30,15.385
8/29/2011,6,32,30,0
8/30/2011,6,37,32,6.667
8/31/2011,4,38,37,15.625
9/1/2011,8,40,38,2.703
9/2/2011,1,36,40,5.263
9/3/2011,3,32,36,-10
9/4/2011,1,29,32,-11.111
9/5/2011,6,29,29,-9.375
9/6/2011,3,26,29,0
9/7/2011,2,24,26,-10.345
9/8/2011,6,22,24,-7.692
9/9/2011,2,23,22,-8.333
9/10/2011,5,25,23,4.545
9/11/2011,4,28,25,8.696
9/12/2011,6,28,28,12
9/13/2011,4,29,28,0
9/14/2011,5,32,29,3.571
9/15/2011,5,31,32,10.345
9/16/2011,6,35,31,-3.125
9/17/2011,1,31,35,12.903
9/18/2011,5,32,31,-11.429
9/19/2011,7,33,32,3.226
9/20/2011,3,32,33,3.125
9/21/2011,7,34,32,-3.03
9/22/2011,3,32,34,6.25
9/23/2011,3,29,32,-5.882
9/24/2011,4,32,29,-9.375
9/25/2011,5,32,32,10.345
9/26/2011,3,28,32,0
9/27/2011,9,34,28,-12.5
9/28/2011,2,29,34,21.429
9/29/2011,7,33,29,-14.706
9/30/2011,4,34,33,13.793
10/2/2011,3,33,34,3.03
10/3/2011,2,30,33,-2.941
10/4/2011,2,29,30,-9.091
10/5/2011,4,24,29,-3.333
10/6/2011,1,23,24,-17.241
10/7/2011,3,19,23,-4.167
10/8/2011,1,16,19,-17.391
10/10/2011,5,18,16,-15.789
10/11/2011,4,20,18,12.5
10/12/2011,5,23,20,11.111
10/13/2011,2,21,23,15
10/14/2011,2,22,21,-8.696
10/15/2011,1,20,22,4.762
10/16/2011,3,22,20,-9.091
10/17/2011,3,20,22,10
10/18/2011,4,20,20,-9.091
10/19/2011,9,24,20,0
10/20/2011,3,25,24,20
10/21/2011,2,25,25,4.167
10/22/2011,2,26,25,0
10/23/2011,4,27,26,4
10/24/2011,6,30,27,3.846
10/25/2011,4,30,30,11.111
10/26/2011,3,24,30,0
10/27/2011,4,25,24,-20
10/28/2011,2,25,25,4.167
10/29/2011,1,24,25,0
10/30/2011,6,26,24,-4
10/31/2011,1,21,26,8.333
11/1/2011,2,19,21,-19.231
11/2/2011,3,19,19,-9.524
11/3/2011,3,18,19,0
11/4/2011,2,18,18,-5.263
11/5/2011,4,21,18,0
11/6/2011,3,18,21,16.667
11/7/2011,3,20,18,-14.286
11/8/2011,1,19,20,11.111
11/9/2011,2,18,19,-5
11/10/2011,4,19,18,-5.263
11/11/2011,1,18,19,5.556
11/13/2011,2,16,18,-5.263
11/14/2011,2,15,16,-11.111
11/15/2011,4,16,15,-6.25
11/17/2011,3,18,16,6.667
11/18/2011,5,21,18,12.5
11/19/2011,6,23,21,16.667
11/20/2011,1,23,23,9.524
11/21/2011,2,23,23,0
11/22/2011,2,23,23,0
11/23/2011,7,26,23,0
11/24/2011,3,26,26,13.043
11/25/2011,4,25,26,0
11/26/2011,1,20,25,-3.846
11/27/2011,1,20,20,-20
11/28/2011,2,20,20,0
11/29/2011,2,20,20,0
11/30/2011,4,17,20,0
12/1/2011,1,15,17,-15
12/2/2011,2,13,15,-11.765
12/4/2011,1,13,13,-13.333
12/5/2011,1,13,13,0
12/6/2011,1,12,13,0
12/8/2011,3,13,12,-7.692
12/9/2011,1,10,13,8.333
12/10/2011,1,10,10,-23.077
12/11/2011,3,11,10,0
12/12/2011,1,11,11,10
12/13/2011,1,11,11,0
12/14/2011,1,11,11,0
12/15/2011,4,12,11,0
12/16/2011,2,13,12,9.091
12/17/2011,2,14,13,8.333
12/18/2011,2,13,14,7.692
12/19/2011,1,13,13,-7.143
12/20/2011,1,13,13,0
12/21/2011,3,15,13,0
12/22/2011,2,13,15,15.385
12/24/2011,2,13,13,-13.333
12/25/2011,2,13,13,0
12/27/2011,3,14,13,0
12/28/2011,2,15,14,7.692
12/29/2011,3,17,15,7.143
12/30/2011,2,16,17,13.333
12/31/2011,3,17,16,-5.882
1/1/2012,1,16,17,6.25
1/3/2012,2,16,16,-5.882
1/5/2012,4,17,16,0
1/6/2012,1,16,17,6.25
1/7/2012,1,14,16,-5.882
1/8/2012,2,14,14,-12.5
1/9/2012,3,14,14,0
1/10/2012,1,14,14,0
1/11/2012,1,13,14,0
1/12/2012,1,10,13,-7.143
1/13/2012,3,12,10,-23.077
1/14/2012,1,12,12,20
1/15/2012,1,11,12,0
1/16/2012,1,9,11,-8.333
1/17/2012,3,11,9,-18.182
1/18/2012,1,11,11,22.222
1/19/2012,2,12,11,0
1/20/2012,4,13,12,9.091
1/21/2012,4,16,13,8.333
1/23/2012,5,20,16,23.077
1/24/2012,1,20,20,25
1/25/2012,2,19,20,0
1/26/2012,2,20,19,-5
1/27/2012,4,22,20,5.263
1/28/2012,3,21,22,10
1/29/2012,2,19,21,-4.545
1/30/2012,1,15,19,-9.524
1/31/2012,2,16,15,-21.053
2/1/2012,3,17,16,6.667
2/2/2012,1,16,17,6.25
2/4/2012,1,13,16,-5.882
2/6/2012,2,12,13,-18.75
2/8/2012,3,13,12,-7.692
2/9/2012,3,15,13,8.333
2/10/2012,3,16,15,15.385
2/11/2012,3,16,16,6.667
2/12/2012,2,17,16,0
2/14/2012,2,18,17,6.25
2/16/2012,1,17,18,5.882
2/18/2012,3,17,17,-5.556
2/19/2012,1,15,17,0
2/20/2012,4,16,15,-11.765
2/21/2012,2,15,16,6.667
2/22/2012,3,16,15,-6.25
2/23/2012,2,16,16,6.667
2/24/2012,1,16,16,0
2/25/2012,1,14,16,0
2/26/2012,1,14,14,-12.5
2/27/2012,2,12,14,0
2/28/2012,1,11,12,-14.286
3/1/2012,3,11,11,-8.333
3/2/2012,2,11,11,0
3/4/2012,2,12,11,0
3/6/2012,2,13,12,9.091
3/7/2012,1,13,13,8.333
3/8/2012,4,15,13,0
3/9/2012,3,17,15,15.385
3/10/2012,1,15,17,13.333
3/11/2012,4,17,15,-11.765
3/12/2012,4,19,17,13.333
3/13/2012,3,20,19,11.765
3/14/2012,1,20,20,5.263
3/15/2012,4,20,20,0
3/16/2012,3,20,20,0
3/17/2012,2,21,20,0
3/18/2012,1,18,21,5
3/19/2012,4,18,18,-14.286
3/20/2012,2,17,18,0
3/21/2012,5,21,17,-5.556
3/22/2012,5,22,21,23.529
3/23/2012,3,22,22,4.762
3/24/2012,2,22,22,0
3/25/2012,6,27,22,0
3/26/2012,1,24,27,22.727
3/27/2012,6,28,24,-11.111
3/28/2012,8,31,28,16.667
3/29/2012,2,28,31,10.714
3/30/2012,3,28,28,-9.677
3/31/2012,2,28,28,0
4/1/2012,3,25,28,0
4/2/2012,3,27,25,-10.714
4/3/2012,4,25,27,8
4/4/2012,3,20,25,-7.407
4/5/2012,2,20,20,-20
4/6/2012,1,18,20,0
4/7/2012,4,20,18,-10
4/8/2012,4,21,20,11.111
4/9/2012,2,20,21,5
4/10/2012,1,17,20,-4.762
4/11/2012,2,16,17,-15
4/12/2012,4,18,16,-5.882
4/13/2012,1,18,18,12.5
4/14/2012,3,17,18,0
4/15/2012,4,17,17,-5.556
4/16/2012,5,20,17,0
4/17/2012,2,21,20,17.647
4/18/2012,1,20,21,5
4/19/2012,4,20,20,-4.762
4/20/2012,1,20,20,0
4/21/2012,2,19,20,0
4/22/2012,5,20,19,-5
4/23/2012,3,18,20,5.263
4/24/2012,1,17,18,-10
4/25/2012,5,21,17,-5.556
4/26/2012,5,22,21,23.529
4/28/2012,2,23,22,4.762
4/29/2012,1,22,23,4.545
4/30/2012,9,26,22,-4.348
5/1/2012,7,30,26,18.182
5/2/2012,3,32,30,15.385
5/3/2012,4,31,32,6.667
5/4/2012,6,32,31,-3.125
5/5/2012,4,34,32,3.226
5/6/2012,2,35,34,6.25
5/7/2012,2,28,35,2.941
5/8/2012,2,23,28,-20
5/9/2012,3,23,23,-17.857
5/10/2012,6,25,23,0
5/11/2012,6,25,25,8.696
5/12/2012,1,22,25,0
5/13/2012,7,27,22,-12
5/14/2012,5,30,27,22.727
5/15/2012,3,31,30,11.111
5/16/2012,11,39,31,3.333
5/17/2012,7,40,39,25.806
5/18/2012,4,38,40,2.564
5/19/2012,3,40,38,-5
5/20/2012,6,39,40,5.263
5/21/2012,3,37,39,-2.5
5/22/2012,6,40,37,-5.128
5/23/2012,3,32,40,8.108
5/24/2012,7,32,32,-20
5/25/2012,8,36,32,0
5/26/2012,5,38,36,12.5
5/27/2012,5,37,38,5.556
5/28/2012,6,40,37,-2.632
5/29/2012,5,39,40,8.108
5/30/2012,1,37,39,-2.5
5/31/2012,7,37,37,-5.128
6/1/2012,9,38,37,0
6/2/2012,3,36,38,2.703
6/3/2012,5,36,36,-5.263
6/4/2012,5,35,36,0
6/5/2012,7,37,35,-2.778
6/6/2012,6,42,37,5.714
6/7/2012,4,39,42,13.514
5/1/2013,6,36,39,-7.143
5/2/2013,8,41,36,-7.692
5/3/2013,4,40,41,13.889
5/4/2013,9,44,40,-2.439
5/5/2013,9,46,44,10
5/6/2013,6,46,46,4.545
5/7/2013,8,50,46,0
5/8/2013,6,50,50,8.696
5/9/2013,6,48,50,0
5/10/2013,9,53,48,-4
5/11/2013,3,47,53,10.417
5/12/2013,4,42,47,-11.321
5/13/2013,7,43,42,-10.638
5/14/2013,3,38,43,2.381
5/15/2013,3,35,38,-11.628
5/16/2013,4,33,35,-7.895
5/17/2013,6,30,33,-5.714
5/18/2013,9,36,30,-9.091
5/19/2013,6,38,36,20
5/20/2013,6,37,38,5.556
5/21/2013,11,45,37,-2.632
5/22/2013,8,50,45,21.622
5/23/2013,4,50,50,11.111
5/24/2013,5,49,50,0
5/25/2013,4,44,49,-2
5/26/2013,9,47,44,-10.204
5/27/2013,7,48,47,6.818
5/28/2013,8,45,48,2.128
5/29/2013,4,41,45,-6.25
5/30/2013,8,45,41,-8.889
5/31/2013,6,46,45,9.756
6/1/2013,9,51,46,2.222
6/2/2013,4,46,51,10.87
6/3/2013,10,49,46,-9.804
6/4/2013,9,50,49,6.522
6/5/2013,7,53,50,2.041
6/6/2013,9,54,53,6
6/7/2013,8,56,54,1.887
6/8/2013,7,54,56,3.704
6/9/2013,5,55,54,-3.571
6/10/2013,6,51,55,1.852
6/11/2013,7,49,51,-7.273
6/12/2013,8,50,49,-3.922
6/13/2013,4,45,50,2.041
6/14/2013,7,44,45,-10
6/15/2013,3,40,44,-2.222
6/16/2013,6,41,40,-9.091
6/17/2013,7,42,41,2.5
6/18/2013,5,40,42,2.439
6/19/2013,7,39,40,-4.762
6/20/2013,5,40,39,-2.5
6/21/2013,10,43,40,2.564
6/22/2013,7,47,43,7.5
6/23/2013,7,48,47,9.302
6/24/2013,9,50,48,2.128
6/25/2013,7,52,50,4.167
6/26/2013,2,47,52,4
6/27/2013,2,44,47,-9.615
6/28/2013,9,43,44,-6.383
6/29/2013,3,39,43,-2.273
6/30/2013,6,38,39,-9.302
7/1/2013,5,34,38,-2.564
7/2/2013,4,31,34,-10.526
7/3/2013,8,37,31,-8.824
7/4/2013,3,38,37,19.355
7/5/2013,5,34,38,2.703
7/6/2013,10,41,34,-10.526
7/7/2013,6,41,41,20.588
7/8/2013,12,48,41,0
7/9/2013,12,56,48,17.073
7/10/2013,8,56,56,16.667
7/11/2013,11,64,56,0
7/12/2013,4,63,64,14.286
7/13/2013,13,66,63,-1.563
7/14/2013,3,63,66,4.762
7/15/2013,7,58,63,-4.545
7/16/2013,9,55,58,-7.937
7/17/2013,7,54,55,-5.172
7/18/2013,7,50,54,-1.818
7/19/2013,5,51,50,-7.407
7/20/2013,8,46,51,2
7/21/2013,6,49,46,-9.804
7/22/2013,7,49,49,6.522
7/23/2013,5,45,49,0
7/24/2013,9,47,45,-8.163
7/25/2013,4,44,47,4.444
7/26/2013,5,44,44,-6.383
7/27/2013,11,47,44,0
7/28/2013,12,53,47,6.818
7/29/2013,8,54,53,12.766
7/30/2013,9,58,54,1.887
7/31/2013,9,58,58,7.407
8/1/2013,4,58,58,0
8/2/2013,6,59,58,0
8/3/2013,10,58,59,1.724
8/4/2013,5,51,58,-1.695
8/5/2013,7,50,51,-12.069
8/6/2013,9,50,50,-1.961
8/7/2013,11,52,50,0
8/8/2013,8,56,52,4
8/9/2013,6,56,56,7.692
8/10/2013,12,58,56,0
8/11/2013,7,60,58,3.571
8/12/2013,5,58,60,3.448
8/13/2013,9,58,58,-3.333
8/14/2013,10,57,58,0
8/15/2013,8,57,57,-1.724
8/16/2013,10,61,57,0
8/17/2013,10,59,61,7.018
8/18/2013,9,61,59,-3.279
8/19/2013,8,64,61,3.39
8/20/2013,8,63,64,4.918
8/21/2013,6,59,63,-1.563
8/22/2013,6,57,59,-6.349
8/23/2013,5,52,57,-3.39
8/24/2013,11,53,52,-8.772
8/25/2013,8,52,53,1.923
8/26/2013,7,51,52,-1.887
8/27/2013,10,53,51,-1.923
8/28/2013,4,51,53,3.922
8/29/2013,4,49,51,-3.774
8/30/2013,6,50,49,-3.922
8/31/2013,5,44,50,2.041
9/1/2013,6,42,44,-12
9/2/2013,7,42,42,-4.545
9/3/2013,5,37,42,0
9/4/2013,12,45,37,-11.905
9/5/2013,7,48,45,21.622
9/6/2013,6,48,48,6.667
9/7/2013,7,50,48,0
9/8/2013,6,50,50,4.167
9/9/2013,9,52,50,0
9/10/2013,6,53,52,4
9/11/2013,7,48,53,1.923
9/12/2013,6,47,48,-9.434
9/13/2013,5,46,47,-2.083
9/14/2013,3,42,46,-2.128
9/15/2013,8,44,42,-8.696
9/16/2013,7,42,44,4.762
9/17/2013,6,42,42,-4.545
9/18/2013,7,42,42,0
9/19/2013,5,41,42,0
9/20/2013,7,43,41,-2.381
9/21/2013,5,45,43,4.878
9/22/2013,7,44,45,4.651
9/23/2013,5,42,44,-2.222
9/24/2013,3,39,42,-4.545
9/25/2013,9,41,39,-7.143
9/26/2013,4,40,41,5.128
9/27/2013,5,38,40,-2.439
9/28/2013,2,35,38,-5
9/29/2013,6,34,35,-7.895
9/30/2013,5,34,34,-2.857
10/1/2013,7,38,34,0
10/2/2013,2,31,38,11.765
10/3/2013,7,34,31,-18.421
10/4/2013,5,34,34,9.677
10/5/2013,4,36,34,0
10/6/2013,1,31,36,5.882
10/7/2013,5,31,31,-13.889
10/8/2013,4,28,31,0
10/9/2013,5,31,28,-9.677
10/10/2013,6,30,31,10.714
10/11/2013,7,32,30,-3.226
10/12/2013,4,32,32,6.667
10/13/2013,8,39,32,0
10/14/2013,6,40,39,21.875
10/15/2013,4,40,40,2.564
10/16/2013,2,37,40,0
10/17/2013,3,34,37,-7.5
10/18/2013,2,29,34,-8.108
10/19/2013,4,29,29,-14.706
10/20/2013,5,26,29,0
10/21/2013,7,27,26,-10.345
10/22/2013,3,26,27,3.846
10/23/2013,5,29,26,-3.704
10/24/2013,3,29,29,11.538
10/25/2013,6,33,29,0
10/26/2013,4,33,33,13.793
10/27/2013,8,36,33,0
10/28/2013,4,33,36,9.091
10/29/2013,2,32,33,-8.333
10/30/2013,10,37,32,-3.03
10/31/2013,7,41,37,15.625
11/1/2013,5,40,41,10.811
11/2/2013,7,43,40,-2.439
11/3/2013,5,40,43,7.5
11/4/2013,7,43,40,-6.977
11/5/2013,4,45,43,7.5
11/6/2013,5,40,45,4.651
11/7/2013,4,37,40,-11.111
11/8/2013,5,37,37,-7.5
11/9/2013,4,34,37,0
11/10/2013,8,37,34,-8.108
11/11/2013,6,36,37,8.824
11/12/2013,7,39,36,-2.703
11/13/2013,6,40,39,8.333
11/14/2013,7,43,40,2.564
11/15/2013,3,41,43,7.5
11/16/2013,4,41,41,-4.651
11/17/2013,3,36,41,0
11/18/2013,9,39,36,-12.195
11/19/2013,3,35,39,8.333
11/20/2013,1,30,35,-10.256
11/21/2013,1,24,30,-14.286
11/22/2013,8,29,24,-20
11/23/2013,4,29,29,20.833
11/24/2013,6,32,29,0
11/26/2013,1,24,32,10.345
11/27/2013,6,27,24,-25
11/28/2013,2,28,27,12.5
11/29/2013,3,30,28,3.704
11/30/2013,7,29,30,7.143
12/1/2013,5,30,29,-3.333
12/2/2013,2,26,30,3.448
12/3/2013,3,28,26,-13.333
12/4/2013,4,26,28,7.692
12/5/2013,2,26,26,-7.143
12/6/2013,3,26,26,0
12/7/2013,3,22,26,0
12/8/2013,3,20,22,-15.385
12/9/2013,1,19,20,-9.091
12/10/2013,3,19,19,-5
12/11/2013,6,21,19,0
12/12/2013,2,21,21,10.526
12/13/2013,4,22,21,0
12/14/2013,1,20,22,4.762
12/15/2013,3,20,20,-9.091
12/16/2013,3,22,20,0
12/17/2013,2,21,22,10
12/18/2013,3,18,21,-4.545
12/20/2013,1,17,18,-14.286
12/21/2013,3,16,17,-5.556
12/22/2013,2,17,16,-5.882
12/23/2013,4,18,17,6.25
12/24/2013,5,20,18,5.882
12/25/2013,4,22,20,11.111
12/26/2013,6,25,22,10
12/27/2013,2,26,25,13.636
12/28/2013,3,26,26,4
12/29/2013,3,27,26,0
12/30/2013,6,29,27,3.846
12/31/2013,1,25,29,7.407
1/1/2014,4,25,25,-13.793
1/2/2014,8,27,25,0
1/3/2014,6,31,27,8
1/4/2014,2,30,31,14.815
1/5/2014,4,31,30,-3.226
1/6/2014,2,27,31,3.333
1/7/2014,2,28,27,-12.903
1/9/2014,1,25,28,3.704
1/10/2014,3,20,25,-10.714
1/11/2014,2,16,20,-20
1/12/2014,5,19,16,-20
1/13/2014,7,22,19,18.75
1/14/2014,1,21,22,15.789
1/15/2014,1,20,21,-4.545
1/16/2014,5,24,20,-4.762
1/18/2014,4,25,24,20
1/19/2014,1,24,25,4.167
1/20/2014,2,21,24,-4
1/21/2014,4,18,21,-12.5
1/22/2014,3,20,18,-14.286
1/23/2014,3,22,20,11.111
1/24/2014,3,20,22,10
1/25/2014,4,20,20,-9.091
1/26/2014,2,21,20,0
1/27/2014,6,25,21,5
1/28/2014,5,26,25,19.048
1/29/2014,2,25,26,4
1/30/2014,2,24,25,-3.846
1/31/2014,4,25,24,-4
2/2/2014,1,22,25,4.167
2/3/2014,6,26,22,-12
2/4/2014,3,23,26,18.182
2/5/2014,2,20,23,-11.538
2/6/2014,1,19,20,-13.043
2/7/2014,5,22,19,-5
2/8/2014,3,21,22,15.789
2/9/2014,1,21,21,-4.545
2/10/2014,5,20,21,0
2/11/2014,3,20,20,-4.762
2/12/2014,4,22,20,0
2/13/2014,4,25,22,10
2/14/2014,4,24,25,13.636
2/15/2014,2,23,24,-4
2/16/2014,2,24,23,-4.167
2/17/2014,7,26,24,4.348
2/18/2014,3,26,26,8.333
2/19/2014,4,26,26,0
2/20/2014,5,27,26,0
2/21/2014,1,24,27,3.846
2/22/2014,4,26,24,-11.111
2/23/2014,3,27,26,8.333
2/24/2014,2,22,27,3.846
2/25/2014,1,20,22,-18.519
2/26/2014,2,18,20,-9.091
2/27/2014,1,14,18,-10
2/28/2014,1,14,14,-22.222
3/1/2014,2,12,14,0
3/2/2014,6,15,12,-14.286
3/3/2014,2,15,15,25
3/4/2014,6,20,15,0
3/5/2014,3,21,20,33.333
3/6/2014,6,26,21,5
3/8/2014,2,27,26,23.81
3/9/2014,6,31,27,3.846
3/10/2014,3,28,31,14.815
3/11/2014,7,33,28,-9.677
3/12/2014,4,31,33,17.857
3/13/2014,4,32,31,-6.061
3/14/2014,1,27,32,3.226
3/15/2014,1,26,27,-15.625
3/16/2014,7,27,26,-3.704
3/17/2014,5,29,27,3.846
3/18/2014,1,23,29,7.407
3/19/2014,4,23,23,-20.69
3/20/2014,2,21,23,0
3/21/2014,2,22,21,-8.696
3/22/2014,6,27,22,4.762
3/23/2014,4,24,27,22.727
3/24/2014,2,21,24,-11.111
3/25/2014,5,25,21,-12.5
3/26/2014,5,26,25,19.048
3/27/2014,2,26,26,4
3/28/2014,2,26,26,0
3/29/2014,3,23,26,0
3/30/2014,3,22,23,-11.538
3/31/2014,2,22,22,-4.348
4/1/2014,4,21,22,0
4/2/2014,4,20,21,-4.545
4/3/2014,7,25,20,-4.762
4/4/2014,5,28,25,25
4/5/2014,3,28,28,12
4/6/2014,6,31,28,0
4/7/2014,4,33,31,10.714
4/8/2014,3,32,33,6.452
4/9/2014,5,33,32,-3.03
4/10/2014,6,32,33,3.125
4/11/2014,5,32,32,-3.03
4/12/2014,4,33,32,0
4/13/2014,5,32,33,3.125
4/14/2014,1,29,32,-3.03
4/15/2014,4,30,29,-9.375
4/16/2014,1,26,30,3.448
4/17/2014,8,28,26,-13.333
4/18/2014,6,29,28,7.692
4/19/2014,6,31,29,3.571
4/20/2014,5,31,31,6.897
4/21/2014,7,37,31,0
4/22/2014,10,43,37,19.355
4/23/2014,3,45,43,16.216
4/24/2014,9,46,45,4.651
4/25/2014,9,49,46,2.222
4/26/2014,4,47,49,6.522
4/27/2014,5,47,47,-4.082
4/28/2014,5,45,47,0
4/29/2014,12,47,45,-4.255
4/30/2014,4,48,47,4.444
5/1/2014,4,43,48,2.128
5/2/2014,8,42,43,-10.417
5/3/2014,11,49,42,-2.326
5/4/2014,15,59,49,16.667
5/5/2014,3,57,59,20.408
5/6/2014,6,51,57,-3.39
5/7/2014,13,60,51,-10.526
5/8/2014,2,58,60,17.647
5/9/2014,5,55,58,-3.333
5/10/2014,4,48,55,-5.172
5/11/2014,6,39,48,-12.727
5/12/2014,7,43,39,-18.75
5/13/2014,9,46,43,10.256
5/14/2014,4,37,46,6.977
5/15/2014,3,38,37,-19.565
5/16/2014,6,39,38,2.703
5/17/2014,7,42,39,2.632
5/18/2014,3,39,42,7.692
5/19/2014,4,36,39,-7.143
5/20/2014,4,31,36,-7.692
5/21/2014,10,37,31,-13.889
5/22/2014,3,37,37,19.355
5/23/2014,7,38,37,0
5/24/2014,6,37,38,2.703
5/25/2014,3,37,37,-2.632
5/26/2014,5,38,37,0
5/27/2014,5,39,38,2.703
5/28/2014,8,37,39,2.632
5/29/2014,5,39,37,-5.128
5/30/2014,10,42,39,5.405
5/31/2014,6,42,42,7.692
6/1/2014,6,45,42,0
6/2/2014,10,50,45,7.143
6/3/2014,6,51,50,11.111
6/4/2014,9,52,51,2
6/5/2014,7,54,52,1.961
6/6/2014,8,52,54,3.846
6/7/2014,6,52,52,-3.704
6/8/2014,8,54,52,0
6/9/2014,11,55,54,3.846
6/10/2014,8,57,55,1.852
6/11/2014,3,51,57,3.636
6/12/2014,6,50,51,-10.526
6/13/2014,13,55,50,-1.961
6/14/2014,10,59,55,10
6/15/2014,7,58,59,7.273
6/16/2014,7,54,58,-1.695
6/17/2014,8,54,54,-6.897
6/18/2014,7,58,54,0
6/19/2014,7,59,58,7.407
6/20/2014,10,56,59,1.724
6/21/2014,8,54,56,-5.085
6/22/2014,6,53,54,-3.571
6/23/2014,12,58,53,-1.852
6/24/2014,20,70,58,9.434
6/25/2014,5,68,70,20.69
6/26/2014,18,79,68,-2.857
6/27/2014,9,78,79,16.176
6/28/2014,12,82,78,-1.266
6/29/2014,8,84,82,5.128
6/30/2014,6,78,84,2.439
7/1/2014,16,74,78,-7.143
7/2/2014,8,77,74,-5.128
7/3/2014,9,68,77,4.054
7/4/2014,14,73,68,-11.688
7/5/2014,4,65,73,7.353
7/6/2014,23,80,65,-10.959
7/7/2014,13,87,80,23.077
7/8/2014,11,82,87,8.75
7/9/2014,14,88,82,-5.747
7/10/2014,8,87,88,7.317
7/11/2014,16,89,87,-1.136
7/12/2014,5,90,89,2.299
7/13/2014,16,83,90,1.124
7/14/2014,14,84,83,-7.778
7/15/2014,12,85,84,1.205
7/16/2014,22,93,85,1.19
7/17/2014,15,100,93,9.412
7/18/2014,9,93,100,7.527
7/19/2014,10,98,93,-7
7/20/2014,9,91,98,5.376
7/21/2014,16,93,91,-7.143
7/22/2014,14,95,93,2.198
7/23/2014,8,81,95,2.151
7/24/2014,11,77,81,-14.737
7/25/2014,9,77,77,-4.938
7/26/2014,15,82,77,0
7/27/2014,17,90,82,6.494
7/28/2014,13,87,90,9.756
7/29/2014,12,85,87,-3.333
7/30/2014,9,86,85,-2.299
7/31/2014,8,83,86,1.176
8/1/2014,17,91,83,-3.488
8/2/2014,15,91,91,9.639
8/3/2014,12,86,91,0
8/4/2014,9,82,86,-5.495
8/5/2014,18,88,82,-4.651
8/6/2014,14,93,88,7.317
8/7/2014,16,101,93,5.682
8/8/2014,10,94,101,8.602
8/9/2014,16,95,94,-6.931
8/10/2014,12,95,95,1.064
8/11/2014,15,101,95,0
8/12/2014,10,93,101,6.316
8/13/2014,13,92,93,-7.921
8/14/2014,13,89,92,-1.075
8/15/2014,12,91,89,-3.261
8/16/2014,11,86,91,2.247
8/17/2014,19,93,86,-5.495
8/18/2014,16,94,93,8.14
8/19/2014,6,90,94,1.075
8/20/2014,11,88,90,-4.255
8/21/2014,7,82,88,-2.222
8/22/2014,15,85,82,-6.818
8/23/2014,8,82,85,3.659
8/24/2014,13,76,82,-3.529
8/25/2014,13,73,76,-7.317
8/26/2014,7,74,73,-3.947
8/27/2014,18,81,74,1.37
8/28/2014,14,88,81,9.459
8/29/2014,11,84,88,8.642
8/30/2014,13,89,84,-4.545
8/31/2014,18,94,89,5.952
9/1/2014,13,94,94,5.618
9/2/2014,14,101,94,0
9/3/2014,16,99,101,7.447
9/4/2014,10,95,99,-1.98
9/5/2014,8,92,95,-4.04
9/6/2014,8,87,92,-3.158
9/7/2014,13,82,87,-5.435
9/8/2014,11,80,82,-5.747
9/9/2014,14,80,80,-2.439
9/10/2014,16,80,80,0
9/11/2014,15,85,80,0
9/12/2014,15,92,85,6.25
9/13/2014,19,103,92,8.235
9/14/2014,11,101,103,11.957
9/15/2014,13,103,101,-1.942
9/16/2014,18,107,103,1.98
9/17/2014,12,103,107,3.883
9/18/2014,10,98,103,-3.738
9/19/2014,14,97,98,-4.854
9/20/2014,16,94,97,-1.02
9/21/2014,13,96,94,-3.093
9/22/2014,22,105,96,2.128
9/23/2014,19,106,105,9.375
9/24/2014,10,104,106,0.952
9/25/2014,8,102,104,-1.887
9/26/2014,14,102,102,-1.923
9/27/2014,17,103,102,0
9/28/2014,20,110,103,0.98
9/29/2014,11,99,110,6.796
9/30/2014,16,96,99,-10
10/1/2014,10,96,96,-3.03
10/2/2014,11,99,96,0
10/3/2014,13,98,99,3.125
10/4/2014,6,87,98,-1.01
10/5/2014,13,80,87,-11.224
10/6/2014,10,79,80,-8.046
10/7/2014,7,70,79,-1.25
10/8/2014,14,74,70,-11.392
10/9/2014,10,73,74,5.714
10/10/2014,13,73,73,-1.351
10/11/2014,8,75,73,0
10/12/2014,14,76,75,2.74
10/13/2014,7,73,76,1.333
10/14/2014,18,84,73,-3.947
10/15/2014,9,79,84,15.068
10/16/2014,16,85,79,-5.952
10/17/2014,7,79,85,7.595
10/18/2014,8,79,79,-7.059
10/19/2014,9,74,79,0
10/20/2014,6,73,74,-6.329
10/21/2014,8,63,73,-1.351
10/22/2014,12,66,63,-13.699
10/23/2014,13,63,66,4.762
10/24/2014,7,63,63,-4.545
10/25/2014,10,65,63,0
10/26/2014,10,66,65,3.175
10/27/2014,11,71,66,1.538
10/28/2014,11,74,71,7.576
10/29/2014,12,74,74,4.225
10/30/2014,11,72,74,0
10/31/2014,12,77,72,-2.703
11/1/2014,7,74,77,6.944
11/2/2014,8,72,74,-3.896
11/3/2014,12,73,72,-2.703
11/4/2014,3,65,73,1.389
11/5/2014,14,67,65,-10.959
11/6/2014,8,64,67,3.077
11/7/2014,9,61,64,-4.478
11/8/2014,13,67,61,-4.688
11/9/2014,15,74,67,9.836
11/10/2014,10,72,74,10.448
11/11/2014,15,84,72,-2.703
11/12/2014,6,76,84,16.667
11/13/2014,12,80,76,-9.524
11/14/2014,11,82,80,5.263
11/15/2014,14,83,82,2.5
11/16/2014,10,78,83,1.22
11/17/2014,9,77,78,-6.024
11/18/2014,11,73,77,-1.282
11/19/2014,5,72,73,-5.195
11/20/2014,13,73,72,-1.37
11/21/2014,14,76,73,1.389
11/22/2014,7,69,76,4.11
11/23/2014,9,68,69,-9.211
11/24/2014,13,72,68,-1.449
11/25/2014,14,75,72,5.882
11/26/2014,9,79,75,4.167
11/27/2014,21,87,79,5.333
11/28/2014,11,84,87,10.127
11/29/2014,8,85,84,-3.448
11/30/2014,8,84,85,1.19
12/1/2014,5,76,84,-1.176
12/2/2014,8,70,76,-9.524
12/3/2014,7,68,70,-7.895
12/4/2014,4,51,68,-2.857
12/5/2014,7,47,51,-25
12/6/2014,10,49,47,-7.843
12/7/2014,10,51,49,4.255
12/8/2014,12,58,51,4.082
12/9/2014,9,59,58,13.725
12/10/2014,9,61,59,1.724
12/11/2014,8,65,61,3.39
12/12/2014,5,63,65,6.557
12/13/2014,5,58,63,-3.077
12/14/2014,6,54,58,-7.937
12/15/2014,7,49,54,-6.897
12/16/2014,6,46,49,-9.259
12/17/2014,2,39,46,-6.122
12/18/2014,9,40,39,-15.217
12/19/2014,7,42,40,2.564
12/20/2014,7,44,42,5
12/21/2014,7,45,44,4.762
12/22/2014,5,43,45,2.273
12/23/2014,9,46,43,-4.444
12/24/2014,9,53,46,6.977
12/25/2014,9,53,53,15.217
12/26/2014,8,54,53,0
12/27/2014,9,56,54,1.887
12/28/2014,10,59,56,3.704
12/29/2014,6,60,59,5.357
12/30/2014,10,61,60,1.695
12/31/2014,9,61,61,1.667
1/1/2015,8,60,61,0
1/2/2015,5,57,60,-1.639
1/3/2015,5,53,57,-5
1/4/2015,9,52,53,-7.018
1/5/2015,9,55,52,-1.887
1/6/2015,10,55,55,5.769
1/7/2015,2,48,55,0
1/8/2015,5,45,48,-12.727
1/9/2015,6,46,45,-6.25
1/10/2015,7,48,46,2.222
1/11/2015,10,49,48,4.348
1/12/2015,9,49,49,2.083
1/13/2015,12,51,49,0
1/14/2015,7,56,51,4.082
1/15/2015,13,64,56,9.804
1/16/2015,5,63,64,14.286
1/17/2015,4,60,63,-1.563
1/18/2015,10,60,60,-4.762
1/19/2015,10,61,60,0
1/20/2015,7,56,61,1.667
1/21/2015,8,57,56,-8.197
1/22/2015,13,57,57,1.786
1/23/2015,5,57,57,0
1/24/2015,9,62,57,0
1/25/2015,5,57,62,8.772
1/26/2015,10,57,57,-8.065
1/27/2015,6,56,57,0
1/28/2015,7,55,56,-1.754
1/29/2015,5,47,55,-1.786
1/30/2015,3,45,47,-14.545
1/31/2015,5,41,45,-4.255
2/1/2015,4,40,41,-8.889
2/2/2015,8,38,40,-2.439
2/3/2015,8,40,38,-5
2/4/2015,6,39,40,5.263
2/5/2015,8,42,39,-2.5
2/6/2015,3,42,42,7.692
2/7/2015,5,42,42,0
2/8/2015,6,44,42,0
2/9/2015,3,39,44,4.762
2/10/2015,6,37,39,-11.364
2/11/2015,4,35,37,-5.128
2/12/2015,6,33,35,-5.405
2/13/2015,9,39,33,-5.714
2/14/2015,6,40,39,18.182
2/15/2015,7,41,40,2.564
2/16/2015,7,45,41,2.5
2/17/2015,4,43,45,9.756
2/18/2015,4,43,43,-4.444
2/19/2015,2,39,43,0
2/20/2015,5,35,39,-9.302
2/21/2015,1,30,35,-10.256
2/22/2015,5,28,30,-14.286
2/23/2015,8,29,28,-6.667
2/24/2015,5,30,29,3.571
2/25/2015,5,31,30,3.448
2/26/2015,5,34,31,3.333
2/27/2015,4,33,34,9.677
2/28/2015,6,38,33,-2.941
3/1/2015,11,44,38,15.152
3/2/2015,8,44,44,15.789
3/3/2015,10,49,44,0
3/4/2015,6,50,49,11.364
3/5/2015,5,50,50,2.041
3/6/2015,6,52,50,0
3/7/2015,11,57,52,4
3/8/2015,4,50,57,9.615
3/9/2015,9,51,50,-12.281
3/10/2015,8,49,51,2
3/11/2015,10,53,49,-3.922
3/12/2015,5,53,53,8.163
3/13/2015,5,52,53,0
3/14/2015,6,47,52,-1.887
3/15/2015,6,49,47,-9.615
3/16/2015,9,49,49,4.255
3/17/2015,9,50,49,0
3/18/2015,9,49,50,2.041
3/19/2015,6,50,49,-2
3/20/2015,7,52,50,2.041
3/21/2015,6,52,52,4
3/22/2015,6,52,52,0
3/23/2015,6,49,52,0
3/24/2015,7,47,49,-5.769
3/25/2015,10,48,47,-4.082
3/26/2015,3,45,48,2.128
3/27/2015,2,40,45,-6.25
3/28/2015,12,46,40,-11.111
3/29/2015,8,48,46,15
3/30/2015,9,51,48,4.348
3/31/2015,7,51,51,6.25
4/1/2015,10,51,51,0
4/2/2015,18,66,51,0
4/3/2015,9,73,66,29.412
4/4/2015,15,76,73,10.606
4/5/2015,14,82,76,4.11
4/6/2015,11,84,82,7.895
4/7/2015,6,83,84,2.439
4/8/2015,3,76,83,-1.19
4/9/2015,15,73,76,-8.434
4/10/2015,15,79,73,-3.947
4/11/2015,10,74,79,8.219
4/12/2015,12,72,74,-6.329
4/13/2015,10,71,72,-2.703
4/14/2015,3,68,71,-1.389
4/15/2015,11,76,68,-4.225
4/16/2015,9,70,76,11.765
4/17/2015,16,71,70,-7.895
4/18/2015,14,75,71,1.429
4/19/2015,10,73,75,5.634
4/20/2015,9,72,73,-2.667
4/21/2015,18,87,72,-1.37
4/22/2015,7,83,87,20.833
4/23/2015,16,90,83,-4.598
4/24/2015,16,90,90,8.434
4/25/2015,12,88,90,0
4/26/2015,12,90,88,-2.222
4/27/2015,13,94,90,2.273
4/28/2015,13,89,94,4.444
4/29/2015,15,97,89,-5.319
4/30/2015,11,92,97,8.989
5/1/2015,14,90,92,-5.155
5/2/2015,9,87,90,-2.174
5/3/2015,15,90,87,-3.333
5/4/2015,12,89,90,3.448
5/5/2015,9,85,89,-1.111
5/6/2015,12,82,85,-4.494
5/7/2015,9,80,82,-3.529
5/8/2015,12,78,80,-2.439
5/9/2015,12,81,78,-2.5
5/10/2015,16,82,81,3.846
5/11/2015,14,84,82,1.235
5/12/2015,10,85,84,2.439
5/13/2015,12,85,85,1.19
5/14/2015,16,92,85,0
5/15/2015,14,94,92,8.235
5/16/2015,11,93,94,2.174
5/17/2015,12,89,93,-1.064
5/18/2015,12,87,89,-4.301
5/19/2015,14,91,87,-2.247
5/20/2015,9,88,91,4.598
5/21/2015,11,83,88,-3.297
5/22/2015,10,79,83,-5.682
5/23/2015,13,81,79,-4.819
5/24/2015,10,79,81,2.532
5/25/2015,11,78,79,-2.469
5/26/2015,6,70,78,-1.266
5/27/2015,10,71,70,-10.256
5/28/2015,15,75,71,1.429
5/29/2015,8,73,75,5.634
5/30/2015,10,70,73,-2.667
5/31/2015,10,70,70,-4.11
6/1/2015,15,74,70,0
6/2/2015,16,84,74,5.714
6/3/2015,15,89,84,13.514
6/4/2015,15,89,89,5.952
6/5/2015,11,92,89,0
6/6/2015,13,95,92,3.371
6/7/2015,17,102,95,3.261
6/8/2015,13,100,102,7.368
6/9/2015,9,93,100,-1.961
6/10/2015,10,88,93,-7
6/11/2015,13,86,88,-5.376
6/12/2015,10,85,86,-2.273
6/13/2015,13,85,85,-1.163
6/14/2015,10,78,85,0
6/15/2015,9,74,78,-8.235
6/16/2015,10,75,74,-5.128
6/17/2015,17,82,75,1.351
6/18/2015,10,79,82,9.333
6/19/2015,18,87,79,-3.659
6/20/2015,20,94,87,10.127
6/21/2015,8,92,94,8.046
6/22/2015,15,98,92,-2.128
6/23/2015,20,108,98,6.522
6/24/2015,11,102,108,10.204
6/25/2015,17,109,102,-5.556
6/26/2015,7,98,109,6.863
6/27/2015,12,90,98,-10.092
6/28/2015,10,92,90,-8.163
6/29/2015,18,95,92,2.222
6/30/2015,12,87,95,3.261
7/1/2015,15,91,87,-8.421
7/2/2015,16,90,91,4.598
7/3/2015,16,99,90,-1.099
7/4/2015,6,93,99,10
7/5/2015,12,95,93,-6.061
7/6/2015,16,93,95,2.151
7/7/2015,15,96,93,-2.105
7/8/2015,14,95,96,3.226
7/9/2015,17,96,95,-1.042
7/10/2015,20,100,96,1.053
7/11/2015,13,107,100,4.167
7/12/2015,11,106,107,7
7/13/2015,8,98,106,-0.935
7/14/2015,13,96,98,-7.547
7/15/2015,19,101,96,-2.041
7/16/2015,11,95,101,5.208
7/17/2015,12,87,95,-5.941
7/18/2015,12,86,87,-8.421
7/19/2015,13,88,86,-1.149
7/20/2015,10,90,88,2.326
7/21/2015,15,92,90,2.273
7/22/2015,10,83,92,2.222
7/23/2015,12,84,83,-9.783
7/24/2015,17,89,84,1.205
7/25/2015,17,94,89,5.952
7/26/2015,7,88,94,5.618
7/27/2015,14,92,88,-6.383
7/28/2015,14,91,92,4.545
7/29/2015,19,100,91,-1.087
7/30/2015,12,100,100,9.89
7/31/2015,13,96,100,0
8/1/2015,12,91,96,-4
8/2/2015,9,93,91,-5.208
8/3/2015,9,88,93,2.198
8/4/2015,15,89,88,-5.376
8/5/2015,12,82,89,1.136
8/6/2015,11,81,82,-7.865
8/7/2015,8,76,81,-1.22
8/8/2015,15,79,76,-6.173
8/9/2015,13,83,79,3.947
8/10/2015,12,86,83,5.063
8/11/2015,12,83,86,3.614
8/12/2015,7,78,83,-3.488
8/13/2015,12,79,78,-6.024
8/14/2015,13,84,79,1.282
8/15/2015,14,83,84,6.329
8/16/2015,9,79,83,-1.19
8/17/2015,9,76,79,-4.819
8/18/2015,10,74,76,-3.797
8/19/2015,18,85,74,-2.632
8/20/2015,14,87,85,14.865
8/21/2015,13,87,87,2.353
8/22/2015,15,88,87,0
8/23/2015,15,94,88,1.149
8/24/2015,16,101,94,6.818
8/25/2015,10,101,101,7.447
8/26/2015,16,99,101,0
8/27/2015,15,100,99,-1.98
8/28/2015,16,103,100,1.01
8/29/2015,14,102,103,3
8/30/2015,19,106,102,-0.971
8/31/2015,13,103,106,3.922
9/1/2015,9,102,103,-2.83
9/2/2015,11,97,102,-0.971
9/3/2015,12,94,97,-4.902
9/4/2015,13,91,94,-3.093
9/5/2015,9,86,91,-3.191
9/6/2015,13,80,86,-5.495
9/7/2015,6,73,80,-6.977
9/8/2015,11,75,73,-8.75
9/9/2015,9,73,75,2.74
9/10/2015,17,78,73,-2.667
9/11/2015,10,75,78,6.849
9/12/2015,17,83,75,-3.846
9/13/2015,8,78,83,10.667
9/14/2015,13,85,78,-6.024
9/15/2015,14,88,85,8.974
9/16/2015,8,87,88,3.529
9/17/2015,11,81,87,-1.136
9/18/2015,13,84,81,-6.897
9/19/2015,17,84,84,3.704
9/20/2015,14,90,84,0
9/21/2015,10,87,90,7.143
9/22/2015,14,87,87,-3.333
9/23/2015,12,91,87,0
9/24/2015,16,96,91,4.598
9/25/2015,8,91,96,5.495
9/26/2015,16,90,91,-5.208
9/27/2015,7,83,90,-1.099
9/28/2015,13,86,83,-7.778
9/29/2015,13,85,86,3.614
9/30/2015,7,80,85,-1.163
10/1/2015,8,72,80,-5.882
10/2/2015,5,69,72,-10
10/3/2015,7,60,69,-4.167
10/4/2015,16,69,60,-13.043
10/5/2015,12,68,69,15
10/6/2015,13,68,68,-1.449
10/7/2015,15,76,68,0
10/8/2015,11,79,76,11.765
10/9/2015,10,84,79,3.947
10/10/2015,11,88,84,6.329
10/11/2015,13,85,88,4.762
10/12/2015,14,87,85,-3.409
10/13/2015,10,84,87,2.353
10/14/2015,10,79,84,-3.448
10/15/2015,6,74,79,-5.952
10/16/2015,12,76,74,-6.329
10/17/2015,13,78,76,2.703
10/18/2015,10,75,78,2.632
10/19/2015,10,71,75,-3.846
10/20/2015,9,70,71,-5.333
10/21/2015,15,75,70,-1.408
10/22/2015,11,80,75,7.143
10/23/2015,14,82,80,6.667
10/24/2015,8,77,82,2.5
10/25/2015,10,77,77,-6.098
10/26/2015,17,84,77,0
10/27/2015,10,85,84,9.091
10/28/2015,12,82,85,1.19
10/29/2015,8,79,82,-3.529
10/30/2015,9,74,79,-3.659
10/31/2015,9,75,74,-6.329
11/1/2015,7,72,75,1.351
11/2/2015,10,65,72,-4
11/3/2015,8,63,65,-9.722
11/4/2015,9,60,63,-3.077
11/5/2015,16,68,60,-4.762
11/6/2015,8,67,68,13.333
11/7/2015,6,64,67,-1.471
11/8/2015,12,69,64,-4.478
11/9/2015,12,71,69,7.813
11/10/2015,13,76,71,2.899
11/11/2015,8,75,76,7.042
11/12/2015,7,66,75,-1.316
11/13/2015,14,72,66,-12
11/14/2015,10,76,72,9.091
11/15/2015,10,74,76,5.556
11/16/2015,13,75,74,-2.632
11/17/2015,11,73,75,1.351
11/18/2015,9,74,73,-2.667
11/19/2015,11,78,74,1.37
11/20/2015,12,76,78,5.405
11/21/2015,14,80,76,-2.564
11/22/2015,13,83,80,5.263
11/23/2015,6,76,83,3.75
11/24/2015,13,78,76,-8.434
11/25/2015,9,78,78,2.632
11/26/2015,17,84,78,0
11/27/2015,11,83,84,7.692
11/28/2015,7,76,83,-1.19
11/29/2015,9,72,76,-8.434
11/30/2015,9,75,72,-5.263
12/1/2015,9,71,75,4.167
12/2/2015,5,67,71,-5.333
12/3/2015,14,64,67,-5.634
12/4/2015,7,60,64,-4.478
12/5/2015,12,65,60,-6.25
12/6/2015,12,68,65,8.333
12/7/2015,8,67,68,4.615
12/8/2015,7,65,67,-1.471
12/9/2015,6,66,65,-2.985
12/10/2015,10,62,66,1.538
12/11/2015,8,63,62,-6.061
12/12/2015,10,61,63,1.613
12/13/2015,13,62,61,-3.175
12/14/2015,9,63,62,1.639
12/15/2015,3,59,63,1.613
12/16/2015,12,65,59,-6.349
12/17/2015,9,64,65,10.169
12/18/2015,10,66,64,-1.538
12/19/2015,9,65,66,3.125
12/20/2015,8,60,65,-1.515
12/21/2015,8,59,60,-7.692
12/22/2015,6,62,59,-1.667
12/23/2015,2,52,62,5.085
12/24/2015,11,54,52,-16.129
12/25/2015,3,47,54,3.846
12/26/2015,6,44,47,-12.963
12/27/2015,11,47,44,-6.383
12/28/2015,12,51,47,6.818
12/29/2015,10,55,51,8.511
12/30/2015,7,60,55,7.843
12/31/2015,10,59,60,9.091
1/1/2016,6,62,59,-1.667
1/2/2016,2,58,62,5.085
1/3/2016,4,51,58,-6.452
1/4/2016,7,46,51,-12.069
1/5/2016,8,44,46,-9.804
1/6/2016,12,49,44,-4.348
1/7/2016,5,44,49,11.364
1/8/2016,10,48,44,-10.204
1/9/2016,10,56,48,9.091
1/10/2016,10,62,56,16.667
1/11/2016,10,65,62,10.714
1/12/2016,13,70,65,4.839
1/13/2016,5,63,70,7.692
1/14/2016,5,63,63,-10
1/15/2016,9,62,63,0
1/16/2016,7,59,62,-1.587
1/17/2016,8,57,59,-4.839
1/18/2016,8,55,57,-3.39
1/19/2016,13,55,55,-3.509
1/20/2016,7,57,55,0
1/21/2016,7,59,57,3.636
1/22/2016,6,56,59,3.509
1/23/2016,8,57,56,-5.085
1/24/2016,7,56,57,1.786
1/25/2016,7,55,56,-1.754
1/26/2016,9,51,55,-1.786
1/27/2016,5,49,51,-7.273
1/28/2016,7,49,49,-3.922
1/29/2016,10,53,49,0
1/30/2016,4,49,53,8.163
1/31/2016,6,48,49,-7.547
2/1/2016,8,49,48,-2.041
2/2/2016,10,50,49,2.083
2/3/2016,9,54,50,2.041
2/4/2016,6,53,54,8
2/5/2016,9,52,53,-1.852
2/6/2016,7,55,52,-1.887
2/7/2016,9,58,55,5.769
2/8/2016,9,59,58,5.455
2/9/2016,6,55,59,1.724
2/10/2016,13,59,55,-6.78
2/11/2016,9,62,59,7.273
2/12/2016,10,63,62,5.085
2/13/2016,7,63,63,1.613
2/14/2016,7,61,63,0
2/15/2016,7,59,61,-3.175
2/16/2016,8,61,59,-3.279
2/17/2016,7,55,61,3.39
2/18/2016,9,55,55,-9.836
2/19/2016,7,52,55,0
2/20/2016,2,47,52,-5.455
2/21/2016,8,48,47,-9.615
2/22/2016,9,50,48,2.128
2/23/2016,12,54,50,4.167
2/24/2016,7,54,54,8
2/25/2016,11,56,54,0
2/26/2016,10,59,56,3.704
2/27/2016,10,67,59,5.357
2/28/2016,7,66,67,13.559
2/29/2016,6,63,66,-1.493
3/1/2016,10,61,63,-4.545
3/2/2016,13,67,61,-3.175
3/3/2016,10,66,67,9.836
3/4/2016,14,70,66,-1.493
3/5/2016,11,71,70,6.061
3/6/2016,8,72,71,1.429
3/7/2016,12,78,72,1.408
3/8/2016,8,76,78,8.333
3/9/2016,6,69,76,-2.564
3/10/2016,17,76,69,-9.211
3/11/2016,17,79,76,10.145
3/12/2016,10,78,79,3.947
3/13/2016,10,80,78,-1.266
3/14/2016,11,79,80,2.564
3/15/2016,6,77,79,-1.25
3/16/2016,14,85,77,-2.532
3/17/2016,9,77,85,10.39
3/18/2016,8,68,77,-9.412
3/19/2016,9,67,68,-11.688
3/20/2016,18,75,67,-1.471
3/21/2016,11,75,75,11.94
3/22/2016,14,83,75,0
3/23/2016,17,86,83,10.667
3/24/2016,9,86,86,3.614
3/25/2016,14,92,86,0
3/26/2016,11,94,92,6.977
3/27/2016,8,84,94,2.174
3/28/2016,9,82,84,-10.638
3/29/2016,7,75,82,-2.381
3/30/2016,14,72,75,-8.537
3/31/2016,5,68,72,-4
4/1/2016,10,64,68,-5.556
4/2/2016,12,65,64,-5.882
4/3/2016,13,70,65,1.563
4/4/2016,14,75,70,7.692
4/5/2016,7,75,75,7.143
4/6/2016,17,78,75,0
4/7/2016,9,82,78,4
4/8/2016,11,83,82,5.128
4/9/2016,12,83,83,1.22
4/10/2016,12,82,83,0
4/11/2016,12,80,82,-1.205
4/12/2016,5,78,80,-2.439
4/13/2016,15,76,78,-2.5
4/14/2016,17,84,76,-2.564
4/15/2016,19,92,84,10.526
4/16/2016,11,91,92,9.524
4/17/2016,8,87,91,-1.087
4/18/2016,12,87,87,-4.396
4/19/2016,17,99,87,0
4/20/2016,12,96,99,13.793
4/21/2016,20,99,96,-3.03
4/22/2016,12,92,99,3.125
4/23/2016,16,97,92,-7.071
4/24/2016,16,105,97,5.435
4/25/2016,11,104,105,8.247
4/26/2016,13,100,104,-0.952
4/27/2016,8,96,100,-3.846
4/28/2016,10,86,96,-4
4/29/2016,9,83,86,-10.417
4/30/2016,13,80,83,-3.488
5/1/2016,14,78,80,-3.614
5/2/2016,17,84,78,-2.5
5/3/2016,14,85,84,7.692
5/4/2016,16,93,85,1.19
5/5/2016,17,100,93,9.412
5/6/2016,13,104,100,7.527
5/7/2016,11,102,104,4
5/8/2016,14,102,102,-1.923
5/9/2016,15,100,102,0
5/10/2016,14,100,100,-1.961
5/11/2016,17,101,100,0
5/12/2016,16,100,101,1
5/13/2016,19,106,100,-0.99
5/14/2016,11,106,106,6
5/15/2016,18,110,106,0
5/16/2016,16,111,110,3.774
5/17/2016,20,117,111,0.909
5/18/2016,11,111,117,5.405
5/19/2016,11,106,111,-5.128
5/20/2016,13,100,106,-4.505
5/21/2016,12,101,100,-5.66
5/22/2016,17,100,101,1
5/23/2016,11,95,100,-0.99
5/24/2016,22,97,95,-5
5/25/2016,17,103,97,2.105
5/26/2016,16,108,103,6.186
5/27/2016,12,107,108,4.854
5/28/2016,14,109,107,-0.926
5/29/2016,19,111,109,1.869
5/30/2016,18,118,111,1.835
5/31/2016,12,108,118,6.306
6/1/2016,22,113,108,-8.475
6/2/2016,13,110,113,4.63
6/3/2016,19,117,110,-2.655
6/4/2016,23,126,117,6.364
6/5/2016,21,128,126,7.692
6/6/2016,15,125,128,1.587
6/7/2016,28,141,125,-2.344
6/8/2016,29,148,141,12.8
6/9/2016,30,165,148,4.965
6/10/2016,19,165,165,11.486
6/11/2016,14,156,165,0
6/12/2016,17,152,156,-5.455
6/13/2016,21,158,152,-2.564
6/14/2016,18,148,158,3.947
6/15/2016,12,131,148,-6.329
6/16/2016,12,113,131,-11.486
6/17/2016,17,111,113,-13.74
6/18/2016,23,120,111,-1.77
6/19/2016,16,119,120,8.108
6/20/2016,11,109,119,-0.833
6/21/2016,22,113,109,-8.403
6/22/2016,16,117,113,3.67
6/23/2016,14,119,117,3.54
6/24/2016,19,121,119,1.709
6/25/2016,16,114,121,1.681
6/26/2016,14,112,114,-5.785
6/27/2016,20,121,112,-1.754
6/28/2016,14,113,121,8.036
6/29/2016,15,112,113,-6.612
6/30/2016,23,121,112,-0.885
7/1/2016,23,125,121,8.036
7/2/2016,18,127,125,3.306
7/3/2016,12,125,127,1.6
7/4/2016,20,125,125,-1.575
7/5/2016,18,129,125,0
7/6/2016,18,132,129,3.2
7/7/2016,21,130,132,2.326
7/8/2016,14,121,130,-1.515
7/9/2016,18,121,121,-6.923
7/10/2016,20,129,121,0
7/11/2016,20,129,129,6.612
7/12/2016,27,138,129,0
7/13/2016,23,143,138,6.977
7/14/2016,15,137,143,3.623
7/15/2016,11,134,137,-4.196
7/16/2016,14,130,134,-2.19
7/17/2016,19,129,130,-2.985
7/18/2016,22,131,129,-0.769
7/19/2016,12,116,131,1.55
7/20/2016,22,115,116,-11.45
7/21/2016,21,121,115,-0.862
7/22/2016,16,126,121,5.217
7/23/2016,11,123,126,4.132
7/24/2016,17,121,123,-2.381
7/25/2016,15,114,121,-1.626
7/26/2016,18,120,114,-5.785
7/27/2016,15,113,120,5.263
7/28/2016,23,115,113,-5.833
7/29/2016,20,119,115,1.77
7/30/2016,20,128,119,3.478
7/31/2016,15,126,128,7.563
8/1/2016,13,124,126,-1.563
8/2/2016,14,120,124,-1.587
8/3/2016,19,124,120,-3.226
8/4/2016,15,116,124,3.333
8/5/2016,23,119,116,-6.452
8/6/2016,26,125,119,2.586
8/7/2016,18,128,125,5.042
8/8/2016,18,133,128,2.4
8/9/2016,14,133,133,3.906
8/10/2016,16,130,133,0
8/11/2016,15,130,130,-2.256
8/12/2016,16,123,130,0
8/13/2016,17,114,123,-5.385
8/14/2016,18,114,114,-7.317
8/15/2016,18,114,114,0
8/16/2016,16,116,114,0
8/17/2016,14,114,116,1.754
8/18/2016,22,121,114,-1.724
8/19/2016,24,129,121,6.14
8/20/2016,11,123,129,6.612
8/21/2016,17,122,123,-4.651
8/22/2016,11,115,122,-0.813
8/23/2016,22,121,115,-5.738
8/24/2016,16,123,121,5.217
8/25/2016,19,120,123,1.653
8/26/2016,13,109,120,-2.439
8/27/2016,6,104,109,-9.167
8/28/2016,16,103,104,-4.587
8/29/2016,18,110,103,-0.962
8/30/2016,10,98,110,6.796
8/31/2016,21,103,98,-10.909
9/1/2016,17,101,103,5.102
9/2/2016,20,108,101,-1.942
9/3/2016,14,116,108,6.931
9/4/2016,18,118,116,7.407
9/5/2016,24,124,118,1.724
9/6/2016,20,134,124,5.085
9/7/2016,22,135,134,8.065
9/8/2016,15,133,135,0.746
9/9/2016,14,127,133,-1.481
9/10/2016,16,129,127,-4.511
9/11/2016,19,130,129,1.575
9/12/2016,18,124,130,0.775
9/13/2016,13,117,124,-4.615
9/14/2016,13,108,117,-5.645
9/15/2016,20,113,108,-7.692
9/16/2016,26,125,113,4.63
9/17/2016,20,129,125,10.619
9/18/2016,15,125,129,3.2
9/19/2016,21,128,125,-3.101
9/20/2016,19,134,128,2.4
9/21/2016,20,141,134,4.688
9/22/2016,20,141,141,5.224
9/23/2016,13,128,141,0
9/24/2016,28,136,128,-9.22
9/25/2016,17,138,136,6.25
9/26/2016,18,135,138,1.471
9/27/2016,24,140,135,-2.174
9/28/2016,26,146,140,3.704
9/29/2016,21,147,146,4.286
9/30/2016,14,148,147,0.685
10/1/2016,23,143,148,0.68
10/2/2016,16,142,143,-3.378
10/3/2016,16,140,142,-0.699
10/4/2016,15,131,140,-1.408
10/5/2016,17,122,131,-6.429
10/6/2016,16,117,122,-6.87
10/7/2016,15,118,117,-4.098
10/8/2016,17,112,118,0.855
10/9/2016,17,113,112,-5.085
10/10/2016,20,117,113,0.893
10/11/2016,12,114,117,3.54
10/12/2016,21,118,114,-2.564
10/13/2016,18,120,118,3.509
10/14/2016,20,125,120,1.695
10/15/2016,16,124,125,4.167
10/16/2016,25,132,124,-0.8
10/17/2016,23,135,132,6.452
10/18/2016,18,141,135,2.273
10/19/2016,22,142,141,4.444
10/20/2016,15,139,142,0.709
10/21/2016,14,133,139,-2.113
10/22/2016,12,129,133,-4.317
10/23/2016,11,115,129,-3.008
10/24/2016,23,115,115,-10.853
10/25/2016,21,118,115,0
10/26/2016,14,110,118,2.609
10/27/2016,16,111,110,-6.78
10/28/2016,12,109,111,0.909
10/29/2016,15,112,109,-1.802
10/30/2016,11,112,112,2.752
10/31/2016,10,99,112,0
11/1/2016,19,97,99,-11.607
11/2/2016,16,99,97,-2.02
11/3/2016,17,100,99,2.062
11/4/2016,29,117,100,1.01
11/5/2016,13,115,117,17
11/6/2016,16,120,115,-1.709
11/7/2016,15,125,120,4.348
11/8/2016,17,123,125,4.167
11/9/2016,11,118,123,-1.6
11/10/2016,18,119,118,-4.065
11/11/2016,15,105,119,0.847
11/12/2016,15,107,105,-11.765
11/13/2016,15,106,107,1.905
11/14/2016,25,116,106,-0.935
11/15/2016,16,115,116,9.434
11/16/2016,22,126,115,-0.862
11/17/2016,22,130,126,9.565
11/18/2016,22,137,130,3.175
11/19/2016,16,138,137,5.385
11/20/2016,18,141,138,0.73
11/21/2016,18,134,141,2.174
11/22/2016,23,141,134,-4.965
11/23/2016,14,133,141,5.224
11/24/2016,15,126,133,-5.674
11/25/2016,29,133,126,-5.263
11/26/2016,24,141,133,5.556
11/27/2016,19,142,141,6.015
11/28/2016,22,146,142,0.709
11/29/2016,18,141,146,2.817
11/30/2016,11,138,141,-3.425
12/1/2016,20,143,138,-2.128
12/2/2016,15,129,143,3.623
12/3/2016,10,115,129,-9.79
12/4/2016,13,109,115,-10.853
12/5/2016,13,100,109,-5.217
12/6/2016,17,99,100,-8.257
12/7/2016,15,103,99,-1
12/8/2016,7,90,103,4.04
12/9/2016,9,84,90,-12.621
12/10/2016,18,92,84,-6.667
12/11/2016,16,95,92,9.524
12/12/2016,10,92,95,3.261
12/13/2016,12,87,92,-3.158
12/14/2016,15,87,87,-5.435
12/15/2016,15,95,87,0
12/16/2016,6,92,95,9.195
12/17/2016,11,85,92,-3.158
12/18/2016,13,82,85,-7.609
12/19/2016,18,90,82,-3.529
12/20/2016,9,87,90,9.756
12/21/2016,18,90,87,-3.333
12/22/2016,15,90,90,3.448
12/23/2016,17,101,90,0
12/24/2016,13,103,101,12.222
12/25/2016,14,104,103,1.98
12/26/2016,12,98,104,0.971
12/27/2016,11,100,98,-5.769
12/28/2016,18,100,100,2.041
12/29/2016,10,95,100,0
12/30/2016,13,91,95,-5
12/31/2016,12,90,91,-4.211
1/1/2017,11,87,90,-1.099
1/2/2017,17,92,87,-3.333
1/3/2017,13,94,92,5.747
1/4/2017,18,94,94,2.174
1/5/2017,15,99,94,0
1/6/2017,12,98,99,5.319
1/7/2017,18,104,98,-1.01
1/8/2017,17,110,104,6.122
1/9/2017,12,105,110,5.769
1/10/2017,13,105,105,-4.545
1/11/2017,26,113,105,0
1/12/2017,17,115,113,7.619
1/13/2017,25,128,115,1.77
1/14/2017,13,123,128,11.304
1/15/2017,17,123,123,-3.906
1/16/2017,18,129,123,0
1/17/2017,21,137,129,4.878
1/18/2017,12,123,137,6.202
1/19/2017,20,126,123,-10.219
1/20/2017,15,116,126,2.439
1/21/2017,18,121,116,-7.937
1/22/2017,22,126,121,4.31
1/23/2017,14,122,126,4.132
1/24/2017,17,118,122,-3.175
1/25/2017,18,124,118,-3.279
1/26/2017,16,120,124,5.085
1/27/2017,19,124,120,-3.226
1/28/2017,25,131,124,3.333
1/29/2017,18,127,131,5.645
1/30/2017,16,129,127,-3.053
1/31/2017,19,131,129,1.575
2/1/2017,15,128,131,1.55
2/2/2017,13,125,128,-2.29
2/3/2017,25,131,125,-2.344
2/4/2017,12,118,131,4.8
2/5/2017,17,117,118,-9.924
2/6/2017,15,116,117,-0.847
2/7/2017,8,105,116,-0.855
2/8/2017,13,103,105,-9.483
2/9/2017,17,107,103,-1.905
2/10/2017,14,96,107,3.883
2/11/2017,12,96,96,-10.28
2/12/2017,11,90,96,0
2/13/2017,12,87,90,-6.25
2/14/2017,13,92,87,-3.333
2/15/2017,14,93,92,5.747
2/16/2017,18,94,93,1.087
2/17/2017,15,95,94,1.075
2/18/2017,22,105,95,1.064
2/19/2017,19,113,105,10.526
2/20/2017,17,118,113,7.619
2/21/2017,17,122,118,4.425
2/22/2017,14,122,122,3.39
2/23/2017,18,122,122,0
2/24/2017,14,121,122,0
2/25/2017,14,113,121,-0.82
2/26/2017,13,107,113,-6.612
2/27/2017,13,103,107,-5.31
2/28/2017,15,101,103,-3.738
3/1/2017,18,105,101,-1.942
3/2/2017,20,107,105,3.96
3/3/2017,19,112,107,1.905
3/4/2017,25,123,112,4.673
3/5/2017,15,125,123,9.821
3/6/2017,23,135,125,1.626
3/7/2017,15,135,135,8
3/8/2017,24,141,135,0
3/9/2017,11,132,141,4.444
3/10/2017,21,134,132,-6.383
3/11/2017,22,131,134,1.515
3/12/2017,22,138,131,-2.239
3/13/2017,21,136,138,5.344
3/14/2017,19,140,136,-1.449
3/15/2017,13,129,140,2.941
3/16/2017,20,138,129,-7.857
3/17/2017,15,132,138,6.977
3/18/2017,20,130,132,-4.348
3/19/2017,13,121,130,-1.515
3/20/2017,11,111,121,-6.923
3/21/2017,14,106,111,-8.264
3/22/2017,15,108,106,-4.505
3/23/2017,19,107,108,1.887
3/24/2017,23,115,107,-0.926
3/25/2017,13,108,115,7.477
3/26/2017,14,109,108,-6.087
3/27/2017,18,116,109,0.926
3/28/2017,27,129,116,6.422
3/29/2017,17,131,129,11.207
3/30/2017,23,135,131,1.55
3/31/2017,10,122,135,3.053
4/1/2017,23,132,122,-9.63
4/2/2017,18,136,132,8.197
4/3/2017,16,134,136,3.03
4/4/2017,27,134,134,-1.471
4/5/2017,20,137,134,0
4/6/2017,24,138,137,2.239
4/7/2017,23,151,138,0.73
4/8/2017,19,147,151,9.42
4/9/2017,11,140,147,-2.649
4/10/2017,21,145,140,-4.762
4/11/2017,14,132,145,3.571
4/12/2017,15,127,132,-8.966
4/13/2017,21,124,127,-3.788
4/14/2017,24,125,124,-2.362
4/15/2017,21,127,125,0.806
4/16/2017,25,141,127,1.6
4/17/2017,17,137,141,11.024
4/18/2017,23,146,137,-2.837
4/19/2017,20,151,146,6.569
4/20/2017,15,145,151,3.425
4/21/2017,23,144,145,-3.974
4/22/2017,25,148,144,-0.69
4/23/2017,17,140,148,2.778
4/24/2017,22,145,140,-5.405
4/25/2017,18,140,145,3.571
4/26/2017,24,144,140,-3.448
4/27/2017,20,149,144,2.857
4/28/2017,16,142,149,3.472
4/29/2017,22,139,142,-4.698
4/30/2017,24,146,139,-2.113
5/1/2017,30,154,146,5.036
5/2/2017,27,163,154,5.479
5/3/2017,23,162,163,5.844
5/4/2017,31,173,162,-0.613
5/5/2017,22,179,173,6.79
5/6/2017,26,183,179,3.468
5/7/2017,23,182,183,2.235
5/8/2017,30,182,182,-0.546
5/9/2017,24,179,182,0
5/10/2017,16,172,179,-1.648
5/11/2017,29,170,172,-3.911
5/12/2017,29,177,170,-1.163
5/13/2017,31,182,177,4.118
5/14/2017,22,181,182,2.825
5/15/2017,10,161,181,-0.549
5/16/2017,16,153,161,-11.05
5/17/2017,23,160,153,-4.969
5/18/2017,24,155,160,4.575
5/19/2017,32,158,155,-3.125
5/20/2017,25,152,158,1.935
5/21/2017,22,152,152,-3.797
5/22/2017,22,164,152,0
5/23/2017,30,178,164,7.895
5/24/2017,33,188,178,8.537
5/25/2017,35,199,188,5.618
5/26/2017,27,194,199,5.851
5/27/2017,18,187,194,-2.513
5/28/2017,21,186,187,-3.608
5/29/2017,24,188,186,-0.535
5/30/2017,35,193,188,1.075
5/31/2017,20,180,193,2.66
6/1/2017,30,175,180,-6.736
6/2/2017,20,168,175,-2.778
6/3/2017,21,171,168,-4
6/4/2017,34,184,171,1.786
6/5/2017,24,184,184,7.602
6/6/2017,32,181,184,0
6/7/2017,26,187,181,-1.63
6/8/2017,33,190,187,3.315
6/9/2017,31,201,190,1.604
6/10/2017,29,209,201,5.789
6/11/2017,25,200,209,3.98
6/12/2017,35,211,200,-4.306
6/13/2017,31,210,211,5.5
6/14/2017,39,223,210,-0.474
6/15/2017,34,224,223,6.19
6/16/2017,30,223,224,0.448
6/17/2017,22,216,223,-0.446
6/18/2017,20,211,216,-3.139
6/19/2017,17,193,211,-2.315
6/20/2017,28,190,193,-8.531
6/21/2017,31,182,190,-1.554
6/22/2017,28,176,182,-4.211
6/23/2017,43,189,176,-3.297
6/24/2017,24,191,189,7.386
6/25/2017,30,201,191,1.058
6/26/2017,26,210,201,5.236
6/27/2017,40,222,210,4.478
6/28/2017,23,214,222,5.714
6/29/2017,31,217,214,-3.604
6/30/2017,30,204,217,1.402
7/1/2017,28,208,204,-5.991
7/2/2017,41,219,208,1.961
7/3/2017,31,224,219,5.288
7/4/2017,23,207,224,2.283
7/5/2017,27,211,207,-7.589
7/6/2017,27,207,211,1.932
7/7/2017,25,202,207,-1.896
7/8/2017,43,217,202,-2.415
7/9/2017,40,216,217,7.426
7/10/2017,32,217,216,-0.461
7/11/2017,40,234,217,0.463
7/12/2017,33,240,234,7.834
7/13/2017,30,243,240,2.564
7/14/2017,30,248,243,1.25
7/15/2017,27,232,248,2.058
7/16/2017,40,232,232,-6.452
7/17/2017,32,232,232,0
7/18/2017,23,215,232,0
7/19/2017,35,217,215,-7.328
7/20/2017,45,232,217,0.93
7/21/2017,36,238,232,6.912
7/22/2017,34,245,238,2.586
7/23/2017,21,226,245,2.941
7/24/2017,39,233,226,-7.755
7/25/2017,23,233,233,3.097
7/26/2017,29,227,233,0
7/27/2017,21,203,227,-2.575
7/28/2017,25,192,203,-10.573
7/29/2017,32,190,192,-5.419
7/30/2017,24,193,190,-1.042
7/31/2017,37,191,193,1.579
8/1/2017,34,202,191,-1.036
8/2/2017,30,203,202,5.759
8/3/2017,28,210,203,0.495
8/4/2017,29,214,210,3.448
8/5/2017,26,208,214,1.905
8/6/2017,23,207,208,-2.804
8/7/2017,36,206,207,-0.481
8/8/2017,37,209,206,-0.483
8/9/2017,21,200,209,1.456
8/10/2017,33,205,200,-4.306
8/11/2017,30,206,205,2.5
8/12/2017,28,208,206,0.488
8/13/2017,20,205,208,0.971
8/14/2017,24,193,205,-1.442
8/15/2017,24,180,193,-5.854
8/16/2017,34,193,180,-6.736
8/17/2017,40,200,193,7.222
8/18/2017,33,203,200,3.627
8/19/2017,33,208,203,1.5
8/20/2017,41,229,208,2.463
8/21/2017,26,231,229,10.096
8/22/2017,41,248,231,0.873
8/23/2017,25,239,248,7.359
8/24/2017,26,225,239,-3.629
8/25/2017,30,222,225,-5.858
8/26/2017,23,212,222,-1.333
8/27/2017,30,201,212,-4.505
8/28/2017,22,197,201,-5.189
8/29/2017,29,185,197,-1.99
8/30/2017,34,194,185,-6.091
8/31/2017,28,196,194,4.865
9/1/2017,30,196,196,1.031
9/2/2017,35,208,196,0
9/3/2017,31,209,208,6.122
9/4/2017,36,223,209,0.481
9/5/2017,30,224,223,6.699
9/6/2017,29,219,224,0.448
9/7/2017,26,217,219,-2.232
9/8/2017,25,212,217,-0.913
9/9/2017,26,203,212,-2.304
9/10/2017,35,207,203,-4.245
9/11/2017,20,191,207,1.97
9/12/2017,30,191,191,-7.729
9/13/2017,26,188,191,0
9/14/2017,26,188,188,-1.571
9/15/2017,27,190,188,0
9/16/2017,33,197,190,1.064
9/17/2017,27,189,197,3.684
9/18/2017,28,197,189,-4.061
9/19/2017,28,195,197,4.233
9/20/2017,29,198,195,-1.015
9/21/2017,30,202,198,1.538
9/22/2017,26,201,202,2.02
9/23/2017,21,189,201,-0.495
9/24/2017,28,190,189,-5.97
9/25/2017,25,187,190,0.529
9/26/2017,25,184,187,-1.579
9/27/2017,26,181,184,-1.604
9/28/2017,29,180,181,-1.63
9/29/2017,31,185,180,-0.552
9/30/2017,26,190,185,2.778
10/1/2017,22,184,190,2.703
10/2/2017,22,181,184,-3.158
10/3/2017,19,175,181,-1.63
10/4/2017,18,167,175,-3.315
10/5/2017,21,159,167,-4.571
10/6/2017,21,149,159,-4.79
10/7/2017,22,145,149,-6.289
10/8/2017,24,147,145,-2.685
10/9/2017,28,153,147,1.379
10/10/2017,22,156,153,4.082
10/11/2017,22,160,156,1.961
10/12/2017,18,157,160,2.564
10/13/2017,18,154,157,-1.875
10/14/2017,25,157,154,-1.911
10/15/2017,29,162,157,1.948
10/16/2017,22,156,162,3.185
10/17/2017,30,164,156,-3.704
10/18/2017,18,160,164,5.128
10/19/2017,31,173,160,-2.439
10/20/2017,22,177,173,8.125
10/21/2017,28,180,177,2.312
10/22/2017,25,176,180,1.695
10/23/2017,26,180,176,-2.222
10/24/2017,27,177,180,2.273
10/25/2017,24,183,177,-1.667
10/26/2017,18,170,183,3.39
10/27/2017,24,172,170,-7.104
10/28/2017,30,174,172,1.176
10/29/2017,18,167,174,1.163
10/30/2017,16,157,167,-4.023
10/31/2017,31,161,157,-5.988
11/1/2017,23,160,161,2.548
11/2/2017,13,155,160,-0.621
11/3/2017,29,160,155,-3.125
11/4/2017,28,158,160,3.226
11/5/2017,27,167,158,-1.25
11/6/2017,16,167,167,5.696
11/7/2017,20,156,167,0
11/8/2017,22,155,156,-6.587
11/9/2017,21,163,155,-0.641
11/10/2017,23,157,163,5.161
11/11/2017,22,151,157,-3.681
11/12/2017,16,140,151,-3.822
11/13/2017,21,145,140,-7.285
11/14/2017,29,154,145,3.571
11/15/2017,31,163,154,6.207
11/16/2017,23,165,163,5.844
11/17/2017,18,160,165,1.227
11/18/2017,24,162,160,-3.03
11/19/2017,26,172,162,1.25
11/20/2017,19,170,172,6.173
11/21/2017,17,158,170,-1.163
11/22/2017,32,159,158,-7.059
11/23/2017,25,161,159,0.633
11/24/2017,25,168,161,1.258
11/25/2017,20,164,168,4.348
11/26/2017,19,157,164,-2.381
11/27/2017,18,156,157,-4.268
11/28/2017,23,162,156,-0.637
11/29/2017,22,152,162,3.846
11/30/2017,33,160,152,-6.173
12/1/2017,16,151,160,5.263
12/2/2017,11,142,151,-5.625
12/3/2017,16,139,142,-5.96
12/4/2017,23,144,139,-2.113
12/5/2017,18,139,144,3.597
12/6/2017,25,142,139,-3.472
12/7/2017,18,127,142,2.158
12/8/2017,10,121,127,-10.563
12/9/2017,14,124,121,-4.724
12/10/2017,20,128,124,2.479
12/11/2017,24,129,128,3.226
12/12/2017,26,137,129,0.781
12/13/2017,15,127,137,6.202
12/14/2017,19,128,127,-7.299
12/15/2017,21,139,128,0.787
12/16/2017,19,144,139,8.594
12/17/2017,20,144,144,3.597
12/18/2017,22,142,144,0
12/19/2017,21,137,142,-1.389
12/20/2017,13,135,137,-3.521
12/21/2017,19,135,135,-1.46
12/22/2017,23,137,135,0
12/23/2017,22,140,137,1.481
12/24/2017,17,137,140,2.19
12/25/2017,17,132,137,-2.143
12/26/2017,14,125,132,-3.65
12/27/2017,21,133,125,-5.303
12/28/2017,21,135,133,6.4
12/29/2017,14,126,135,1.504
12/30/2017,10,114,126,-6.667
12/31/2017,16,113,114,-9.524
1/1/2018,7,103,113,-0.877
1/2/2018,24,113,103,-8.85
1/3/2018,16,108,113,9.709
1/4/2018,16,103,108,-4.425
1/5/2018,12,101,103,-4.63
1/6/2018,14,105,101,-1.942
1/7/2018,16,105,105,3.96
1/8/2018,19,117,105,0
1/9/2018,16,109,117,11.429
1/10/2018,19,112,109,-6.838
1/11/2018,11,107,112,2.752
1/12/2018,19,114,107,-4.464
1/13/2018,16,116,114,6.542
1/14/2018,16,116,116,1.754
1/15/2018,17,114,116,0
1/16/2018,17,115,114,-1.724
1/17/2018,15,111,115,0.877
1/18/2018,18,118,111,-3.478
1/19/2018,19,118,118,6.306
1/20/2018,18,120,118,0
1/21/2018,19,123,120,1.695
1/22/2018,22,128,123,2.5
1/23/2018,20,131,128,4.065
1/24/2018,12,128,131,2.344
1/25/2018,16,126,128,-2.29
1/26/2018,16,123,126,-1.563
1/27/2018,20,125,123,-2.381
1/28/2018,5,111,125,1.626
1/29/2018,14,103,111,-11.2
1/30/2018,20,103,103,-7.207
1/31/2018,15,106,103,0
2/1/2018,13,103,106,2.913
2/2/2018,21,108,103,-2.83
2/3/2018,16,104,108,4.854
2/4/2018,23,122,104,-3.704
2/5/2018,20,128,122,17.308
2/6/2018,20,128,128,4.918
2/7/2018,23,136,128,0
2/8/2018,20,143,136,6.25
2/9/2018,16,138,143,5.147
2/10/2018,20,142,138,-3.497
2/11/2018,23,142,142,2.899
2/12/2018,19,141,142,0
2/13/2018,15,136,141,-0.704
2/14/2018,10,123,136,-3.546
2/15/2018,20,123,123,-9.559
2/16/2018,12,119,123,0
2/17/2018,17,116,119,-3.252
2/18/2018,21,114,116,-2.521
2/19/2018,11,106,114,-1.724
2/20/2018,13,104,106,-7.018
2/21/2018,11,105,104,-1.887
2/22/2018,20,105,105,0.962
2/23/2018,23,116,105,0
2/24/2018,17,116,116,10.476
2/25/2018,10,105,116,0
2/26/2018,19,113,105,-9.483
2/27/2018,17,117,113,7.619
2/28/2018,17,123,117,3.54
3/1/2018,20,123,123,5.128
3/2/2018,18,118,123,0
3/3/2018,19,120,118,-4.065
3/4/2018,19,129,120,1.695
3/5/2018,17,127,129,7.5
3/6/2018,27,137,127,-1.55
3/7/2018,15,135,137,7.874
3/8/2018,25,140,135,-1.46
3/9/2018,21,143,140,3.704
3/10/2018,23,147,143,2.143
3/11/2018,25,153,147,2.797
3/12/2018,16,152,153,4.082
3/13/2018,17,142,152,-0.654
3/14/2018,15,142,142,-6.579
3/15/2018,34,151,142,0
3/16/2018,16,146,151,6.338
3/17/2018,10,133,146,-3.311
3/18/2018,18,126,133,-8.904
3/19/2018,20,130,126,-5.263
3/20/2018,19,132,130,3.175
3/21/2018,21,138,132,1.538
3/22/2018,24,128,138,4.545
3/23/2018,21,133,128,-7.246
3/24/2018,20,143,133,3.906
3/25/2018,15,140,143,7.519
3/26/2018,25,145,140,-2.098
3/27/2018,15,141,145,3.571
3/28/2018,28,148,141,-2.759
3/29/2018,16,140,148,4.965
3/30/2018,22,141,140,-5.405
3/31/2018,23,144,141,0.714
4/1/2018,28,157,144,2.128
4/2/2018,24,156,157,9.028
4/3/2018,33,174,156,-0.637
4/4/2018,25,171,174,11.538
4/5/2018,22,177,171,-1.724
4/6/2018,29,184,177,3.509
4/7/2018,21,182,184,3.955
4/8/2018,24,178,182,-1.087
4/9/2018,28,182,178,-2.198
4/10/2018,23,172,182,2.247
4/11/2018,22,169,172,-5.495
4/12/2018,21,168,169,-1.744
4/13/2018,26,165,168,-0.592
4/14/2018,21,165,165,-1.786
4/15/2018,32,173,165,0
4/16/2018,28,173,173,4.848
4/17/2018,24,174,173,0
4/18/2018,21,173,174,0.578
4/19/2018,22,174,173,-0.575
4/20/2018,30,178,174,0.578
4/21/2018,22,179,178,2.299
4/22/2018,27,174,179,0.562
4/23/2018,36,182,174,-2.793
4/24/2018,22,180,182,4.598
4/25/2018,26,185,180,-1.099
4/26/2018,20,183,185,2.778
4/27/2018,20,173,183,-1.081
4/28/2018,29,180,173,-5.464
4/29/2018,20,173,180,4.046
4/30/2018,29,166,173,-3.889
5/1/2018,23,167,166,-4.046
5/2/2018,22,163,167,0.602
5/3/2018,36,179,163,-2.395
5/4/2018,21,180,179,9.816
5/5/2018,27,178,180,0.559
5/6/2018,32,190,178,-1.111
5/7/2018,37,198,190,6.742
5/8/2018,30,205,198,4.211
5/9/2018,31,214,205,3.535
5/10/2018,33,211,214,4.39
5/11/2018,36,226,211,-1.402
5/12/2018,38,237,226,7.109
5/13/2018,35,240,237,4.867
5/14/2018,25,228,240,1.266
5/15/2018,29,227,228,-5
5/16/2018,34,230,227,-0.439
5/17/2018,40,237,230,1.322
5/18/2018,26,227,237,3.043
5/19/2018,22,211,227,-4.219
5/20/2018,27,203,211,-7.048
5/21/2018,28,206,203,-3.791
5/22/2018,24,201,206,1.478
5/23/2018,29,196,201,-2.427
5/24/2018,33,189,196,-2.488
5/25/2018,36,199,189,-3.571
5/26/2018,40,217,199,5.291
5/27/2018,21,211,217,9.045
5/28/2018,39,222,211,-2.765
5/29/2018,31,229,222,5.213
5/30/2018,33,233,229,3.153
5/31/2018,27,227,233,1.747
6/1/2018,30,221,227,-2.575
6/2/2018,40,221,221,-2.643
6/3/2018,36,236,221,0
6/4/2018,28,225,236,6.787
6/5/2018,39,233,225,-4.661
6/6/2018,32,232,233,3.556
6/7/2018,28,233,232,-0.429
6/8/2018,49,252,233,0.431
6/9/2018,35,247,252,8.155
6/10/2018,37,248,247,-1.984
6/11/2018,37,257,248,0.405
6/12/2018,29,247,257,3.629
6/13/2018,23,238,247,-3.891
6/14/2018,28,238,238,-3.644
6/15/2018,30,219,238,0
6/16/2018,30,214,219,-7.983
6/17/2018,36,213,214,-2.283
6/18/2018,29,205,213,-0.467
6/19/2018,36,212,205,-3.756
6/20/2018,28,217,212,3.415
6/21/2018,41,230,217,2.358
6/22/2018,25,225,230,5.991
6/23/2018,33,228,225,-2.174
6/24/2018,32,224,228,1.333
6/25/2018,32,227,224,-1.754
6/26/2018,23,214,227,1.339
6/27/2018,42,228,214,-5.727
6/28/2018,32,219,228,6.542
6/29/2018,38,232,219,-3.947
6/30/2018,35,234,232,5.936
7/1/2018,32,234,234,0.862
7/2/2018,43,245,234,0
7/3/2018,36,258,245,4.701
7/4/2018,30,246,258,5.306
7/5/2018,31,245,246,-4.651
7/6/2018,43,250,245,-0.407
7/7/2018,34,249,250,2.041
7/8/2018,35,252,249,-0.4
7/9/2018,42,251,252,1.205
7/10/2018,36,251,251,-0.397
7/11/2018,30,251,251,0
7/12/2018,36,256,251,0
7/13/2018,31,244,256,1.992
7/14/2018,37,247,244,-4.688
7/15/2018,39,251,247,1.23
7/16/2018,40,249,251,1.619
7/17/2018,29,242,249,-0.797
7/18/2018,26,238,242,-2.811
7/19/2018,31,233,238,-1.653
7/20/2018,46,248,233,-2.101
7/21/2018,34,245,248,6.438
7/22/2018,25,231,245,-1.21
7/23/2018,45,236,231,-5.714
7/24/2018,35,242,236,2.165
7/25/2018,36,252,242,2.542
7/26/2018,33,254,252,4.132
7/27/2018,38,246,254,0.794
7/28/2018,39,251,246,-3.15
7/29/2018,30,256,251,2.033
7/30/2018,48,259,256,1.992
7/31/2018,49,273,259,1.172
8/1/2018,30,267,273,5.405
8/2/2018,30,264,267,-2.198
8/3/2018,34,260,264,-1.124
8/4/2018,39,260,260,-1.515
8/5/2018,37,267,260,0
8/6/2018,35,254,267,2.692
8/7/2018,38,243,254,-4.869
8/8/2018,37,250,243,-4.331
8/9/2018,35,255,250,2.881
8/10/2018,36,257,255,2
8/11/2018,32,250,257,0.784
8/12/2018,35,248,250,-2.724
8/13/2018,37,250,248,-0.8
8/14/2018,27,239,250,0.806
8/15/2018,28,230,239,-4.4
8/16/2018,44,239,230,-3.766
8/17/2018,39,242,239,3.913
8/18/2018,29,239,242,1.255
8/19/2018,20,224,239,-1.24
8/20/2018,32,219,224,-6.276
8/21/2018,37,229,219,-2.232
8/22/2018,28,229,229,4.566
8/23/2018,24,209,229,0
8/24/2018,34,204,209,-8.734
8/25/2018,44,219,204,-2.392
8/26/2018,42,241,219,7.353
8/27/2018,38,247,241,10.046
8/28/2018,26,236,247,2.49
8/29/2018,32,240,236,-4.453
8/30/2018,27,243,240,1.695
8/31/2018,40,249,243,1.25
9/1/2018,27,232,249,2.469
9/2/2018,29,219,232,-6.827
9/3/2018,25,206,219,-5.603
9/4/2018,33,213,206,-5.936
9/5/2018,29,210,213,3.398
9/6/2018,23,206,210,-1.408
9/7/2018,33,199,206,-1.905
9/8/2018,35,207,199,-3.398
9/9/2018,28,206,207,4.02
9/10/2018,35,216,206,-0.483
9/11/2018,31,214,216,4.854
9/12/2018,26,211,214,-0.926
9/13/2018,29,217,211,-1.402
9/14/2018,35,219,217,2.844
9/15/2018,26,210,219,0.922
9/16/2018,26,208,210,-4.11
9/17/2018,29,202,208,-0.952
9/18/2018,29,200,202,-2.885
9/19/2018,25,199,200,-0.99
9/20/2018,25,195,199,-0.5
9/21/2018,30,190,195,-2.01
9/22/2018,29,193,190,-2.564
9/23/2018,28,195,193,1.579
9/24/2018,30,196,195,1.036
9/25/2018,41,208,196,0.513
9/26/2018,20,203,208,6.122
9/27/2018,23,201,203,-2.404
9/28/2018,31,202,201,-0.985
9/29/2018,29,202,202,0.498
9/30/2018,28,202,202,0
10/1/2018,30,202,202,0
10/2/2018,27,188,202,0
10/3/2018,22,190,188,-6.931
10/4/2018,22,189,190,1.064
10/5/2018,19,177,189,-0.526
10/6/2018,24,172,177,-6.349
10/7/2018,19,163,172,-2.825
10/8/2018,23,156,163,-5.233
10/9/2018,29,158,156,-4.294
10/10/2018,31,167,158,1.282
10/11/2018,39,184,167,5.696
10/12/2018,22,187,184,10.18
10/13/2018,18,181,187,1.63
10/14/2018,26,188,181,-3.209
10/15/2018,26,191,188,3.867
10/16/2018,23,185,191,1.596
10/17/2018,33,187,185,-3.141
10/18/2018,23,171,187,1.081
10/19/2018,34,183,171,-8.556
10/20/2018,31,196,183,7.018
10/21/2018,17,187,196,7.104
10/22/2018,26,187,187,-4.592
10/23/2018,24,188,187,0
10/24/2018,28,183,188,0.535
10/25/2018,29,189,183,-2.66
10/26/2018,23,178,189,3.279
10/27/2018,23,170,178,-5.82
10/28/2018,25,178,170,-4.494
10/29/2018,18,170,178,4.706
10/30/2018,20,166,170,-4.494
10/31/2018,26,164,166,-2.353
11/1/2018,31,166,164,-1.205
11/2/2018,26,169,166,1.22
11/3/2018,29,175,169,1.807
11/4/2018,35,185,175,3.55
11/5/2018,25,192,185,5.714
11/6/2018,25,197,192,3.784
11/7/2018,23,194,197,2.604
11/8/2018,22,185,194,-1.523
11/9/2018,37,196,185,-4.639
11/10/2018,20,187,196,5.946
11/11/2018,20,172,187,-4.592
11/12/2018,25,172,172,-8.021
11/13/2018,29,176,172,0
11/14/2018,29,182,176,2.326
11/15/2018,26,186,182,3.409
11/16/2018,25,174,186,2.198
11/17/2018,27,181,174,-6.452
11/18/2018,28,189,181,4.023
11/19/2018,22,186,189,4.42
11/20/2018,39,196,186,-1.587
11/21/2018,24,191,196,5.376
11/22/2018,35,200,191,-2.551
11/23/2018,18,193,200,4.712
11/24/2018,21,187,193,-3.5
11/25/2018,25,184,187,-3.109
11/26/2018,41,203,184,-1.604
11/27/2018,22,186,203,10.326
11/28/2018,22,184,186,-8.374
11/29/2018,26,175,184,-1.075
11/30/2018,24,181,175,-4.891
12/1/2018,14,174,181,3.429
12/2/2018,20,169,174,-3.867
12/3/2018,21,149,169,-2.874
12/4/2018,18,145,149,-11.834
12/5/2018,18,141,145,-2.685
12/6/2018,14,129,141,-2.759
12/7/2018,14,119,129,-8.511
12/8/2018,25,130,119,-7.752
12/9/2018,17,127,130,9.244
12/10/2018,17,123,127,-2.308
12/11/2018,19,124,123,-3.15
12/12/2018,23,129,124,0.813
12/13/2018,21,136,129,4.032
12/14/2018,25,147,136,5.426
12/15/2018,20,142,147,8.088
12/16/2018,16,141,142,-3.401
12/17/2018,19,143,141,-0.704
12/18/2018,20,144,143,1.418
12/19/2018,15,136,144,0.699
12/20/2018,26,141,136,-5.556
12/21/2018,19,135,141,3.676
12/22/2018,16,131,135,-4.255
12/23/2018,24,139,131,-2.963
12/24/2018,28,148,139,6.107
12/25/2018,19,147,148,6.475
12/26/2018,20,152,147,-0.676
12/27/2018,12,138,152,3.401
12/28/2018,16,135,138,-9.211
12/29/2018,22,141,135,-2.174
12/30/2018,16,133,141,4.444
12/31/2018,22,127,133,-5.674
1/1/2019,17,125,127,-4.511
1/2/2019,17,122,125,-1.575
1/3/2019,23,133,122,-2.4
1/4/2019,13,130,133,9.016
1/5/2019,25,133,130,-2.256
1/6/2019,18,135,133,2.308
1/7/2019,18,131,135,1.504
1/8/2019,28,142,131,-2.963
1/9/2019,12,137,142,8.397
1/10/2019,24,138,137,-3.521
1/11/2019,19,144,138,0.73
1/12/2019,20,139,144,4.348
1/13/2019,15,136,139,-3.472
1/14/2019,25,143,136,-2.158
1/15/2019,18,133,143,5.147
1/16/2019,26,147,133,-6.993
1/17/2019,21,144,147,10.526
1/18/2019,16,141,144,-2.041
1/19/2019,19,140,141,-2.083
1/20/2019,22,147,140,-0.709
1/21/2019,15,137,147,5
1/22/2019,20,139,137,-6.803
1/23/2019,20,133,139,1.46
1/24/2019,16,128,133,-4.317
1/25/2019,17,129,128,-3.759
1/26/2019,18,128,129,0.781
1/27/2019,20,126,128,-0.775
1/28/2019,14,125,126,-1.563
1/29/2019,25,130,125,-0.794
1/30/2019,25,135,130,4
1/31/2019,17,136,135,3.846
2/1/2019,19,138,136,0.741
2/2/2019,16,136,138,1.471
2/3/2019,17,133,136,-1.449
2/4/2019,20,139,133,-2.206
2/5/2019,15,129,139,4.511
2/6/2019,20,124,129,-7.194
2/7/2019,15,122,124,-3.876
2/8/2019,25,128,122,-1.613
2/9/2019,19,131,128,4.918
2/10/2019,20,134,131,2.344
2/11/2019,15,129,134,2.29
2/12/2019,16,130,129,-3.731
2/13/2019,15,125,130,0.775
2/14/2019,24,134,125,-3.846
2/15/2019,25,134,134,7.2
2/16/2019,12,127,134,0
2/17/2019,18,125,127,-5.224
2/18/2019,24,134,125,-1.575
2/19/2019,16,134,134,7.2
2/20/2019,21,140,134,0
2/21/2019,21,137,140,4.478
2/22/2019,26,138,137,-2.143
2/23/2019,26,152,138,0.73
2/24/2019,19,153,152,10.145
2/25/2019,19,148,153,0.658
2/26/2019,19,151,148,-3.268
2/27/2019,22,152,151,2.027
2/28/2019,17,148,152,0.662
3/1/2019,25,147,148,-2.632
3/2/2019,30,151,147,-0.676
3/3/2019,24,156,151,2.721
3/4/2019,20,157,156,3.311
3/5/2019,20,158,157,0.641
3/6/2019,26,162,158,0.637
3/7/2019,24,169,162,2.532
3/8/2019,21,165,169,4.321
3/9/2019,17,152,165,-2.367
3/10/2019,25,153,152,-7.879
3/11/2019,29,162,153,0.658
3/12/2019,26,168,162,5.882
3/13/2019,22,164,168,3.704
3/14/2019,18,158,164,-2.381
3/15/2019,26,163,158,-3.659
3/16/2019,16,162,163,3.165
3/17/2019,24,161,162,-0.613
3/18/2019,32,164,161,-0.617
3/19/2019,19,157,164,1.863
3/20/2019,29,164,157,-4.268
3/21/2019,18,164,164,4.459
3/22/2019,28,166,164,0
3/23/2019,27,177,166,1.22
3/24/2019,21,174,177,6.627
3/25/2019,26,168,174,-1.695
3/26/2019,26,175,168,-3.448
3/27/2019,26,172,175,4.167
3/28/2019,17,171,172,-1.714
3/29/2019,23,166,171,-0.581
3/30/2019,26,165,166,-2.924
3/31/2019,26,170,165,-0.602
4/1/2019,27,171,170,3.03
4/2/2019,30,175,171,0.588
4/3/2019,36,185,175,2.339
4/4/2019,24,192,185,5.714
4/5/2019,27,196,192,3.784
4/6/2019,29,199,196,2.083
4/7/2019,18,191,199,1.531
4/8/2019,29,193,191,-4.02
4/9/2019,25,188,193,1.047
4/10/2019,33,185,188,-2.591
4/11/2019,29,190,185,-1.596
4/12/2019,26,189,190,2.703
4/13/2019,26,186,189,-0.526
4/14/2019,28,196,186,-1.587
4/15/2019,22,189,196,5.376
4/16/2019,34,198,189,-3.571
4/17/2019,24,189,198,4.762
4/18/2019,28,188,189,-4.545
4/19/2019,35,197,188,-0.529
4/20/2019,37,208,197,4.787
4/21/2019,33,213,208,5.584
4/22/2019,26,217,213,2.404
4/23/2019,23,206,217,1.878
4/24/2019,25,207,206,-5.069
4/25/2019,31,210,207,0.485
4/26/2019,28,203,210,1.449
4/27/2019,24,190,203,-3.333
4/28/2019,35,192,190,-6.404
4/29/2019,32,198,192,1.053
4/30/2019,24,199,198,3.125
5/1/2019,25,199,199,0.505
5/2/2019,31,199,199,0
5/3/2019,26,197,199,0
5/4/2019,31,204,197,-1.005
5/5/2019,37,206,204,3.553
5/6/2019,39,213,206,0.98
5/7/2019,24,213,213,3.398
5/8/2019,34,222,213,0
5/9/2019,32,223,222,4.225
5/10/2019,32,229,223,0.45
5/11/2019,37,235,229,2.691
5/12/2019,38,236,235,2.62
5/13/2019,37,234,236,0.426
5/14/2019,38,248,234,-0.847
5/15/2019,42,256,248,5.983
5/16/2019,30,254,256,3.226
5/17/2019,35,257,254,-0.781
5/18/2019,38,258,257,1.181
5/19/2019,33,253,258,0.389
5/20/2019,32,248,253,-1.938
5/21/2019,35,245,248,-1.976
5/22/2019,27,230,245,-1.21
5/23/2019,36,236,230,-6.122
5/24/2019,38,239,236,2.609
5/25/2019,33,234,239,1.271
5/26/2019,31,232,234,-2.092
5/27/2019,32,232,232,-0.855
5/28/2019,37,234,232,0
5/29/2019,33,240,234,0.862
5/30/2019,34,238,240,2.564
5/31/2019,22,222,238,-0.833
Grand Total,37710,37899,222,-6.723
